,smiles
0,C1=CC=2C(=CNC2C=C1)C=3C=CN=CC3
2,O=C1C=2C=CC=CC2C3=NC4=NN=NN4N=C13
5,CC=1NN=CC1C2=CC=C(CCN)C=C2
6,C1=CC(=CC2=C1OCO2)/C=C/N(=O)=O
7,S1N(C(N(C1=O)CC=2C=CC=CC2)=O)C
8,O(C=1C=C(C=CC2=CC=NC=C2)C=NC1)C
9,ClC=1C=C2C=3N=CN=C(O)C3OC2=CC1
10,NCCCC=1C=CC(=CC1)C2=CNN=C2
11,OC=1C(=CC=C(N2CCOCC2)C1)C(=O)C
12,OC=1C=CC(=CC1)C2=NC3=NC=CNC3=C2CCCC
13,O1N=C(N)C=2C(C3=CC(O)=CC=C3)=CC=CC12
14,C=1(O)C=2SC=3C(Cl)=CC=C(Cl)C3C2N=CN1
15,C1C=2NC(=CC2C(NC1)=O)C=3C=CN=CC3
16,CC(C)(C)C1=CC(C=C(C#N)C#N)=CC(=C1O)Br
17,C1CN(C=2C3=C(N=CN2)NN=C3)CCC1CN
18,C=1C(=C(C#N)C(OCC)=NC1NC(C)=O)N
19,C=1C=C2S/C(/N(CC)C2=CC1OC)=C\C(=O)C
22,S1C2=C(N=CN=C2N)C=3C1=NC=NC3N
23,N=1NC=C(C=2C=CC(CCN)=CC2)C1C
24,FC=1C=CC(C2=NN(C=C2C3=NC=NC=C3)C)=CC1
25,BrC1=CC=C(C=2C=3C(=NNC3N)C=CC2)C=C1
27,C1C(CCN(C1)C=2N=CN=C3C2N=CN3)N
28,ClC1=NC=C(OCC(N)C)C=C1C=CC2=CC=NC=C2
29,S(C=1C=2C(NC1)=NC=NC2NCCCO)C
31,BrC=1C=C2C(C=3C=CC=CC3)=CNC2=NC1
32,BrC1=C2SC3=C(N=C(OC3=O)C)C2=C(Cl)C=C1
33,ClC=1C=2C(SC1)=NC=NC2NC=3C=CC=CC3
34,OC1=NC=2C(N1)=NC=C(C2)C3=CC=CC=C3
35,N=1C=2N(C=C(C=3C=CC(OC)=CC3)C1)N=CC2Br
36,BrC1=C2SC(=C(N)C2=C(Cl)C=C1)C(=O)N
37,BrC1=CC=2C(=NNC2C=C1)C3=CC=CC=C3
38,O(C=1C=C(C=NC1)C=CC2=CC=NC=C2)CCN
40,N=1C=NC2=C(N=CN2)C1N3CCC(CN)CC3
41,N1C2=C(N=CN=C2N=C1)C=3C=CC(CCN)=CC3
42,S1C(N(=O)=O)=CN=C1NC(=O)NCC2=CC=CC=C2
43,O=C1NCCC=2C3=C(NC21)C=CC(=C3)C(OCC)=O
44,ClC1=NN=C2NC=3C(NC(=O)C2=C1)=CC=CC3
45,S(C=1C(O)=C2C(=NC1)C3=C(C=C2)C=NC=C3)C
46,C1C(CCN(C1)C=2C3=C(N=CN2)NN=C3)N
47,O(C1=CC(NC2=NC(=NC=C2)N)=CC=C1)CCN
48,IC=1C=2C(N(C1)CC(O)C(O)CN)=NC=NC2N
49,ClC1=CC(C2=NNC=C2C3=NC=NC=C3)=CC=C1Cl
50,ClC=1C2=C(SC1)N=CN=C2NC=3C=CC(O)=CC3
51,ClC=1C(C2C=3C(OC(=N)C2C#N)=NNC3C)=CC=CC1
53,ClC1=CC=2N=C3C(SC2C=C1)C(=O)CC(C3)(C)C
55,ClC1=C2C(=NC=3C1=CC(SC)=CC3)C(=O)NCC2
56,O(C=1C=C(C=NC1)C=CC2=CC=NC=C2)C3CNCC3
57,C1(=CC=C2C(=C1)C=NN2)C=3N=C4N(C3)C=CC=N4
58,ClC1=C2C(NC(=O)C)=C(SC2=CC=C1Cl)C(=O)N
59,O=C(N)C1=C2NC(=NC2=CC=C1)C=3C=CN=CC3
60,C=1C(=NC(=NC1O)NC2CCCCC2)C=3C=CN=CC3
61,S1C2=C(C(C=3C=CC=CC3)=CN=C2)C=C1C(=O)N
62,S1C2=C(C(C=3C=CC(F)=CC3)=CN=C2)C=C1C(=O)N
64,IC=1C=2N(C=C(N2)C3=CC=CC=C3)C(O)=NC1
65,IC1=NN=C2NC=3C(NC(=O)C2=C1)=CC=CC3
66,O=C(C1=CC(C=2C=C3C(=NC2)NC=C3)=CC=C1)C
67,BrC1=CC2=C(C=3SC(S)=NC3O)C(=O)N=C2C=C1
68,O=C(NC=1C=CN=CC1)C2CCC(CC2)C(N)C
69,C1=C(N=C2C(C3=C(C(=NC=N3)N)S2)=C1C)C
70,NC1=NON=C1C2=NC=3C=NC=CC3N2C4CCCCC4
71,S1C2=C(C(C3=CC(F)=CC=C3)=CN=C2)C=C1C(OC)=O
72,O(C=1C=C(C=NC1)C=CC2=CC=NC=C2)CCCN
73,IC=1C(C2C=3C(OC(=N)C2C#N)=NNC3C)=CC=CC1
74,C1(=C(C=C2C(=C1)C(C=3C(=NOC3O)N2CC)=O)Cl)F
75,O(C=1N=C(NC(=O)C)C=C(N)C1C#N)CCC
76,S1C(C(=O)NC1=O)=CC=2C=C(OC)C(O)=CC2
77,SC1=C2C(=NC=3C1=CC=CC3)C(OC)=CC=C2OC
78,C1(=C2C(C=CC=C2)=NC=N1)NC3=CC(OC)=CC=C3
79,C=1(C=CC=2NN=CC2C1)C=3ON=C(C3)CCC
80,O=C(NC1=NNC2=NC=3C(C=C21)=CC=CC3)CCC
81,BrC=1C=C2C(=CC1)NC(=C2CC=3NC=4C(C3)=CCCC4)O
82,C1=C2C3=C(C=C1)N(N=C3C=4C(C2=O)=CC=CC4)C
83,C1C(CCN(C1)C=2C3=C(N=CN2)NC=C3)N
84,C1(=CC=2C(OC=3C=CC(=CC3)Br)=CN=CC2S1)C(=O)N
85,ClC1=CC=C(CC(=O)NC2=NNC3=C2CCC3)C=C1
86,O=C1C(=NC=2C=CN=CC2)C(NC(C3CCCCC3)C)C1=O
87,FC(F)(F)C1=CC=2OC=3C(C(=O)C2C=C1)C(=O)CCC3
88,C=1(C(=C(C=C(C1Br)Br)/C=C/C(=O)O)Br)Br
89,OC=1N2C(=NC=3C2=CC=CC3)C(=C(C1C=O)C)C#N
90,C=1(NC=2C=CC(=CC2)F)C=3C(=NC=NC3NN1)N
91,O=C1NC=2C(NC=3C1=CC=CC3)=CC=C(C2)C
92,OCCCN1C(=C(N=C1)C2=CC=CC=C2)C=3C=CN=CC3
93,O=C1C(NC(C(C)(C)C)C)C(=NC=2C=CN=CC2)C1=O
94,S(C1=NN(C(N)=C1C(=O)N)C2=NC=CC=C2)C
95,IC=1C=2N(C=C(N2)C3=CC(Cl)=CC=C3)C(O)=NC1
97,C1(C(=C(C(C2=CC=CC=C12)=O)N3C(O)=CC=C3O)Cl)=O
98,S1C(C(=O)NC1=S)=CC=2C=C(OC)C(O)=CC2
99,S1C2=C(C(C3=CC(F)=CC=C3)=CN=C2)C=C1C(=O)N
100,IC1=NN(C=2N=CN=C(N)C21)C3CCC(O)CC3
101,C1CN(C=2C3=C(N=CN2)NC=C3)CCC1CN
102,N12C(=NC=3C1=CC=CC3)C(=C(C=C2NNCC)C)C#N
104,N=1C(C2=CC(=CC=C2)CCN)=C3C(=NC1)NC=N3
105,N1C2=C(N=CN=C2N=C1)C3=CC(CCN)=CC=C3
106,C=1(C=C2C(=CC1Cl)N(CC)C=3C(=C(ON3)O)C2=O)O
107,O=C1NC2=C(NC=3N=NC=CC31)C=CC=C2
108,S1C2=C(C(C=3C=CC=CC3)=CN=C2)C=C1C(=O)O
109,N1C2=C(N=CN=C2N=C1)C=3C=CC(CNC)=CC3
110,N1C=NC=2C(N=CN2)=C1C3=CC=C(CNC)C=C3
111,FC=1C(CNC2C(=NC=3C=CN=CC3)C(=O)C2=O)=CC=CC1
112,ClC=1C2=C(SC1)N=CN=C2NC3=CC(O)=CC=C3
114,FC=1C(C2=CN3C(=NN=C3N)C=C2)=CC(=CC1)C
115,N=1C(C2=CC=CC(=C2)CNC)=C3C(=NC1)NC=N3
116,N1C2=C(N=CN=C2N=C1)C3=CC(CNC)=CC=C3
118,N1=C2NC=CC2=CC(C3=CC=4NN=CC4C=C3)=C1
119,C1C(CCN(C1)C2=C3C(=NC=C2)NC=C3)N
120,CC1=NC=2C=C3C(=CC2N1C)N=CC(C4=CC=CS4)=N3
121,C12(CNCCC1)CCN(CC2)C3=NC=NC4=C3N=CN4
122,N1(CCC2(CC1)CCCNC2)C3=NC=NC=4N=CNC34
123,N=1C(C2=CC=C(C=C2)CCN)=C3C(=NC1)NC=N3
124,C=1(C=C2C(=CC1)N(C3=C(C(=NN3C)C)C2=O)OCCC)Cl
125,C1(/C(/CSC=C1CC=2C=CC=CN2)=C/C3=NC=CC=C3)=O
126,ClC=1C=C2C(N(OCC(C)C)C=3N(N=C(C3C2=O)C)C)=CC1
127,C1=NC=C(C)C2=C1C=CC=C2S(N3C(CNCCC3)C)(=O)=O
128,ClC=1C=2C(C3=CC=C(C=C3)C(=O)N)=CNC2N=CC1
129,O(C=1C=C(C=NC1)CCC2=CC=NC=C2)CC3N(CC3)C
130,IC1=NN(C2OC(C(O)C2O)CO)C=3N=CN=C(N)C31
131,O=C(N)C1=C2N=CC=CC2=CC(=C1)C3=CC(N)=CC=C3
132,C12=C(C(=O)CC(C1=O)=NC=3C=CC(=CC3)C)SC(=N2)C
133,ClC=1C=CC(C2=NN(C=C2C3=NC=NC=C3)CCOC)=CC1
134,S1C2=NNC(=C2C=C1C(=O)NC)C=3C(F)=CC=CC3
136,C=1C=C2NC(=O)C(=C(C2=CC1Cl)C=3C=CC=CC3)N
137,O=C(NC1=C2C(NC=C2)=NC=C1)C3CCC(CC3)C(N)C
138,O=C1C(NC(C2=CC=CC=C2)C)C(=NC=3C=CN=CC3)C1=O
139,C1(C2=C(C3=CC=CC=C3N2)N=O)=C(NC4=C1C=CC=C4)O
140,O1N=C(C=C1C=2C=C3C(NN=C3N)=CC2)CC(C)C
141,N1=C2C(=C(CC3=CC=C(C=C3)N(C)C)C1=O)C=CC=C2
142,O(C1=NC=NC=2NC=C(C21)C=3C=CC=CC3)CCCC
143,N1N=C(C2=C(C(=CN=C12)C#N)C3=CC=CC=C3)C
145,C=1C(=C(C(C2=CC=CC=C2)=NC1NC(C)=O)C#N)N
146,OCCNC=1N=CC2=C(C=C(C=3C=CN=CC3)C=C2)C1
147,S(C=1N=C(NN1)C=2C=CN=CC2)CC3=CC=CC=C3
148,S(=O)(=O)(NC=1C=CC(C=2C=C3C(NN=C3N)=CC2)=CC1)C
149,O=C1NC(=O)C=2N=CC=3C(C21)=CC(OC)=C(OC)C3
150,C=1C=2N=CSC2C3=C(C(N=C3C1)=O)CC4=CN=CN4
151,ClC=1C(CC(=O)NC2=CC=3NN=CC3C=C2)=CC=CC1
152,O=C(NC1=C2C(=NC=C1)C=CC=C2)NC=3N=CC=NC3
154,C1=C(C=CC(=C1)/C=C(\C#N)/C(C(C#N)C#N)=N)O
155,FC1=CC=C(C=2N=CN(C2C=3C=CN=CC3)CCCO)C=C1
156,C=1(OC=2C3=C(C=CC=C3)C=CC2C(C1)=O)N4CCOCC4
157,ClC1=CC=C(C(=O)NC=2C=C3NN=CC3=CC2)C=C1
158,N=1C2=CC(=CC=C2N3C=CC=C3C1O)CN4CCCC4=O
159,C=1N=C(CC2C(/C(/CN=C2)=C/C=3C=CC=CN3)=O)C=CC1
160,ClC1=C(OC)C=C2N=C(NCC)C(=NC2=C1)NCC
161,ClC1=CC=C(C(=O)NC2=CC=3C(=NNC3)C=C2)C=C1
162,C1=CC=C(C=C1)NC2=NC(=NC=C2F)NC3=CC=CC=C3
163,O=C1C(=NC=2C=CN=CC2)C(NCC3=CC=C(C=C3)C)C1=O
164,ClC=1C=C2C3=C(C(OC2=CC1)=N)C(O)=NC(O)=C3C#N
166,OCCNC1=NC=C2C(C=C(C3=CN=CC=C3)C=C2)=C1
168,N1C(C=2C=CC(=CC2)OC)=NC(=C1C=3C=CN=CC3)CC
169,NCC(C=1C=CC(=CC1)C2=CNN=C2)C3=CC=CC=C3
170,FC1=C2N=CC=C(NC(=O)NC=3N=CC=NC3)C2=CC=C1
171,C12=C(C=3C=C(Br)C=CC3N1)CC(=O)NC=4C2=NC=CC4
173,ClC1=CC=C(CNC2C(=NC=3C=CN=CC3)C(=O)C2=O)C=C1
174,S1C=2N=C(O)N3N=C(N=C3C2C=C1)C=4C=CN=CC4
175,OC(C1=CC=C(C=2NC3=NC=CN=C3C2CC)C=C1)(C)C
176,S1C2=C(C(OC=3C=C(F)C=CC3)=CN=C2)C=C1C(=O)N
178,O=N(=O)C1=CC=2NC(=NC2C=C1)NC3=NC=C(C=C3)C
179,ClC=1C(OCC=2SC(=C(N2)C)C3=NC(=NC=C3)N)=CC=CC1
180,C1(=CN=C2C(=C1)C(NC(CCC)=O)=NN2)C=3C=CC=NC3
181,S1N=CC=2C1=CC(N(C)C)=C(NC(=O)C(=O)O)C2
182,S1C2=C(C(C3=C(F)C=C(F)C=C3)=CN=C2)C=C1C(=O)N
183,O(C1=NC(N2CCOCC2)=CC(=N1)NN)CCC3=NC=CC=C3
184,S1C=2N(C(=C(N2)C3=CC=C(F)C=C3)C=4C=CN=CC4)C=C1
185,S1C=C(C2=CC3=C(C=C2)C=NC(NCCO)=C3)C=C1
186,OCC(NC1=NC=NC=2NC=C(C21)C=3C=CC=CC3)CO
187,OCCNC=1N=CC2=C(C=C(C3=CC=CC=C3)C=C2)C1
188,C=1(C=C2C(=CC1)N(C3=C(C(=NN3C)C(F)(F)F)C2=O)O)Cl
189,ClC1=CC(CNC2C(=NC=3C=CN=CC3)C(=O)C2=O)=CC=C1Cl
190,O(C1=NNC(O)=C1C=C2C=3C(N=C2)=CC=CC3)C(C)C
191,O=C1NC2=C(C1=CC=3NC=NC3)C=C(OC)C=C2
192,FC=1C=C(C(=O)NC2=CC=3C(=NNC3)C=C2)C=CC1
193,C=1(NC2=CC=CC=C2N1)NN=CC3=CNC4=C3C=CC=C4
194,S1C(C(=O)NC1=NC2=CC=CC=C2)=CC3=CC(OC)=CC=C3
195,S1C=2N3C(N4C(=NN=C4S)C2C5=C1CCC5)=NN=C3S
197,S1C2=C(C(C3=CC(F)=CC=C3)=CN=C2)C=C1C(=O)O
198,FC=1C(C2=CC=3C(=NNC3NC(=O)CCC)C=C2)=CC=CC1F
199,O(C=1C=C(C=NC1)CCC2=CC=CC=C2)CC3N(CCC3)C
200,S1(=O)N=C(NC=2C=CC(F)=CC2)C(=N1)NCCCC
201,OCCCNC1=NC=NC=2NC=C(C21)C=3C=CC=CC3
202,S1C=C(C=2N=C(NC(=O)C)C=C(N)C2C#N)C=C1
204,C1(C2=CC(=NO2)CN3CCCCC3)=CC=C4C(=C1)C=NN4
205,O(C1=CC(C=2C=C3C(NN=C3C)=CC2)=CN=C1)CCN
206,IC=1N(N=NC1C2=CC=3C(=NNC3N)C=C2)CC4=CC=CC=C4
207,O=C(N1CCOCC1)C2=CC(C=3C=C4C(=NC3)NC=C4)=CC=C2
208,OC=1NC2=C(C1C3=NC=C(C=C3)CN4CCOCC4)C=C(C=C2)C#N
209,FC1=C(C2=NN=C3NN=C(NC(=O)CCC)C3=C2)C=CC=C1F
210,FC=1C(C2C=3C(=NNC3OC(=N)C2C#N)C(C)(C)C)=CC=CC1
211,ClC1=CC=C(COCCNCCNS(=O)(=O)C2=CC=CC=3C=NC=CC23)C=C1
212,BrC1=C(F)C(F)=C(C=2C3=C(SC(=C3)C(=O)N)C=NC2)C=C1
213,ClC=1C(=CC(OC)=C(NC(=O)NC=2N=CC(=NC2)C#N)C1)C
214,N1=CN=C2NC=NC2=C1C3=CC=C(C=C3)C(N)C4=CC=CC=C4
215,NC(C=1C=CC(C=2N=CN=C3N=CNC23)=CC1)C4=CC=CC=C4
216,O=C(N1CCNCC1)C=2C=3N(C(=NC3C=NC2)C4=NON=C4N)CC
217,OC(N1CC(N(C2=NC=NC=3NC=CC23)C)C(CC1)C)C=O
218,O(CC1CCNCC1)C2=C3N(C(=NC3=CN=C2)C4=NON=C4N)CC
219,ClC1=C2SC=3C(N(C2=CN=C1)C(=O)C=4C=CC(OC)=CC4)=CC=CC3
220,O(C=1N=C(C=C(N)C1C#N)C(=O)NCC2=CC=NC=C2)CC
221,S1C=2N=C(O)N3N=C(N=C3C2C4=C1CCCC4)C=5C=CN=CC5
222,OC1CCN(C2=NC=NC=3NC=C(C23)C=4C=CC=CC4)CC1
223,FC(F)(F)C1=CC=2C(=NC=CC2NC(=O)NC=3N=CC=NC3)C=C1
225,C=1(C=2N(CC)C(C3=NON=C3N)=NC2C=NC1)OC4CCNCC4
226,C1(=CC=C2C(=C1)C=NN2)C=3N=C(SC3)NC=4C=CC=CC4
227,FC(F)(F)C1=C2N=CC=C(NC(=O)NC=3N=CC=NC3)C2=CC=C1
228,C=1C=NC2=C(C1)C(=C(N2)C=3C(N=C4C3C=CC=N4)=O)O
229,C1(C2=CN(N=N2)CC3=CC=CC=C3)=CC=C4C(=C1)C=NN4
231,C=1C(=NN2C(=NN=C2C1)C=3C=CC(=CC3)C(F)(F)F)NC4CC4
232,O=C1C(NCC=2C(OC)=CC(OC)=CC2)C(=NC=3C=CN=CC3)C1=O
234,O=C([C@H]1CC[C@@H](CC1)[C@@H](C)N)NC=2C=CN=CC2
236,O=C1N(C(=O)C=2C1=CC=CC2)C=3C=C(O)C(=CC3)C(=O)O
237,C=1C=CC=CC1C=2N=C(C3=C(N2)C=CC=C3)NC4=CC(C)=NN4
238,C=1N=CC=2SC(C=3N=C(ON3)O)=CC2C1OC4=CC=C(C=C4)I
239,C1(CCNCC1)(C=2C=CC(C3=CNN=C3)=CC2)C4=CC=CC=C4
240,N=1C=CC(NC=2C=CC=CC2C(O)=O)=NC1NC3=CC(=CC=C3)O
241,OC(=O)C1=C2C(NC3=C1C=CC=C3)=C(C=C2)C4CCCC4
242,ClC1=CC=C(OC=2C3=C(SC(=C3)C=4OC(=NN4)N)C=NC2)C=C1
243,BrC1=CC=C(C2=NOC(=O)C2=CC=3C=C(OC)C(OC)=CC3)C=C1
244,O1CCC(CN2N=NC(C=3C=C4C(NN=C4)=CC3)=C2)CC1
245,S(=O)(=O)(NC=1C=C2N=C(C(=NC2=CC1)C)C)C3=CC=C(N)C=C3
246,S1C(N2C=3C(N=C2N)=CC=C(C3)C#N)=NC(=C1)C4=CC=CC=C4
247,S1C(C(=O)NC1=NC2=CC=CC=C2)=CC=3C=C(OC)C(O)=CC3
248,C1(=CC=C2C(C(C3=C(N(N=C3C)C4=CC=CC=C4)N2O)=O)=C1)Cl
249,C1(=NN=C2C(=C1C3=CC=CC=C3)C(=NN2)N)C=4C=CC=CC4
250,N1C(CC2=C(C3=C1C=CC=C3)NC4=C2C=C(C=C4)N(=O)=O)=O
251,ClC1=C2N=CC=C(NC(=O)NC3=NC(C(F)(F)F)=CC=C3)C2=CC=C1
252,ClC1=CC=C(CCNC(=O)C=2SC3=NNC(=C3C2)C)C=C1
253,O=C1C(N(C=2C=CN=CC2)C(=O)C)C(=NC(C(C)(C)C)C)C1=O
254,ClC=1C(Cl)=CC=C(C1)CNC(=O)NC2=CC=3C(=NNC3)C=C2
255,OC1=NC2=C(N3C1=CC(=C3)C4=CC(OC)=CC=C4)C=CC=C2
256,C1(=CC2=C(C=C1)NC(=C2)C(=O)C=3NC4=C(C3)C=C(C=C4)O)O
257,S1C=2C(=C(C3=CC=C(S(=O)(=O)CC)C=C3)C=NC2)C=C1C(=O)N
258,S1C=2C(N=C1NCC3=CC=CC=C3)=CC=C(C2)C=4C=CN=CC4
259,BrC1=CC=C(CNC(=O)NC2=CC=3C(=NNC3)C=C2)C=C1
260,S1C(C(=O)NC1=NC2=CC=CC=C2)=CC3=CC(O)=C(OC)C=C3
261,ClC1=NN=C2NC=3C(NC(=O)C2=C1)=CC=CC3C(=O)N
262,N=1C=CC=C2C1OC3=C2N=C(N=C3N4CCOCC4)C=5C=CC=C(O)C5
263,S(=O)(=O)(NC1=CC=C(C2=CC3=C(NN=C3N)C=C2)C=C1)CC
264,O=C(NCC1=CC=CC=C1)C2=CC=C(C=3C=CN=CC3)C=C2
265,C1=C(C(C#N)=C(N=C1C(NCC=2C=CC=NC2)=O)OCC)N
266,S1C/C(/C(=O)/C(/C1)=C/C2=NC=CC=C2)=C\C3=NC=CC=C3
267,OC=1C=C(C=C(C(=O)NCC2=CC=CC=C2)C#N)C=CC1O
269,BrC1=NC(NC(=O)NC=2C=3C(N=CC2)=CC(OC)=CC3)=CC=C1
270,N1(N=NC(C2=CC=3C(=NNC3N)C=C2)=C1C)CC4=CC=CC=C4
271,O=C1NC(=O)C2=NC(=C3C(=C21)C=C(OC)C(OC)=C3)CC
272,ClC=1C=C2SC(=NC2=CC1)NC(=O)C3=C(OC)C=C(OC)C=C3
273,O1N=C(C=2N(C=3C(CNC4CCNCC4)=CN=CC3N2)CC)C(=N1)N
274,O=C1C(=NC=2C=CN=CC2)C(NCC=3C=C(C(=CC3)C)C)C1=O
275,O(C=1C=C(C=NC1)C=CC2=CC=NC=C2)CC(N)CC3=CC=CC=C3
276,N=1C=NC=2NC=CC2C1N(C3CN(CCC3C)C(=O)CC#N)C
277,[N+]=12C(=C3NC=4C=CC=CC4C3=CC1)C(=O)C=5C2=CC=CC5
278,C=1C=CC=C2C1C3=C(N4C(C5=C3C(NC5=O)=O)=CN=C4)N2
280,C=1C=C(/C=C/2\SC(NC2=O)=O)OC1C=3C=CC(=CC3O)F
281,ClC1=C2C(NC(=O)C=3C=CC(=CC3)C)=C(SC2=CC=C1Cl)C#N
282,FC(F)(F)C=1C=C(CNC2C(=NC=3C=CN=CC3)C(=O)C2=O)C=CC1
283,C1=CC=C2C(=C1)/C(=C\C3=C(NC4=C3C=CC=C4)Cl)/C(=O)N2
284,N1C=NC=C1/C=C/2\C(=O)NC3=CC=C(OC)C=C23
285,C1CN(CCC1C(N)C2=CC=CC=C2)C3=NC=NC4=C3C=CN4
286,ClC1=CC=C(CNC(=O)NC=2C3=C(NN=C3)C=CC2)C=C1
287,S1N=C2C(=N1)C=CC=C2NC(=O)NN=CC=3C(O)=CC(O)=CC3
288,S1C=2C(=C(C3=CC=C(S(=O)(=O)C)C=C3)C=NC2)C=C1C(=O)N
289,C1=CC=C2C(=C1)C=CC(N3C(=NN=C3C=4C=CN=CC4)S)=C2
290,C1(C2=CC(=NO2)CC3=CC=CC=C3)=CC=C4C(=C1)C=NN4
291,BrC1=CC=2N(C3=C(O)C=C(O)C(Cl)=C3)C(O)=NC2C=C1
292,ClC1=CC=C(CNC2=NN3C(=NN=C3C=C2)C=4C=CC=CC4)C=C1
293,O(C1=CC(C=C(C=2NN=C(N)C2C#N)C#N)=CC=C1O)C
294,FC(F)(F)C1=CC2=NC=CC(NC(=O)NC=3N=CC=NC3)=C2C=C1
295,C=1(N2C=C(N=N2)CC3=CC=CC=C3)C=CC4=C(C1)C=NN4
296,O=C(NC1=NNC2=NC=3C(C=C21)=CC=CC3)C=4C=CN=CC4
298,C1(NC(N)=O)=CC=C2C(=C1)C(C(C=3NC=CC3)=C)=C(O)N2
299,C=12C(=NC=NC1C=C3C(N=CN3C)=C2)NC4=CC(Br)=CC=C4
300,S1C=C(C=2N3C(=NC2C)C=CC=C3)N=C1NC=4C=CC(=CC4)O
302,O=C(NC=1SC=2CCCCC2C1C#N)C=3C=CC=C4C=CC=CC34
303,C=1C(Cl)=CC=CC1NC=2N=C(N=C3C2N=CN3C(C)C)NCCO
304,C1(=C(C=CC=C1)C(F)(F)F)C(C#N)C(SC2=CC=C(C=C2)N)=N
305,S(=O)(=O)(NC1=CC=C(C=2C=C3C(NN=C3N)=CC2)C=C1)CCC
306,C1=CC=C(C=C1NC(=O)C)C2=CN=C3C(=C2)C(=NN3)C
307,ClC=1C(=C2C(=NC1N3CC(CC3)CN)N=CC(=C2O)C(=O)O)C
308,O=C1N(C(=O)C2=C3C1=CC=C(NCCCC)C3=CC=C2)CCNCCO
310,O1N=C(C=C1C=2C=C3C(NN=C3)=CC2)C(=O)N4CCCCC4
311,C=1(C(=NOC1C)C=2C=CC=CC2)C=3N=C(N=CC3)NC(C)=O
312,C1(=C(C2=CNC3=C2C=CC=C3)C(=O)NC1=O)C4=CNC5=C4C=CC=C5
313,ClC1=NC(=NC(C=2C3=C(NC2)N=CC=C3)=C1)NC4CCCCC4
314,C=1(C2=NC3=C(C#CC(O)(C)C)N=C(C=C3N2CC)CNC)C(N)=NON1
315,O=C\1NC2=C(/C1=C(/C=3NC=CC3)\C)C=C(NC(=O)N)C=C2
316,C=1(NC2=CC=C(OC(=O)CCC)C=C2C1)C(C=3NC=4C=CC=CC4C3)=O
317,N1C=2N=CC=CC2C(C=3N=C(N=CC3)NC4CCC(N)CC4)=C1
318,O(C1=CC=C(NC=2N=CN=C3C2C=CC=C3)C=C1)CC4=CC=CC=C4
319,C1CN(CCC1C(N)C2=CC=C(C=C2)Cl)C3=NC=NC=4NC=CC34
321,N1C(=NC2=C1C=C(C(C)(C)C)C=C2)C3=NNC4=C3C=CC=C4
322,C=1(C=CC2=C(C1)C=NN2)C=3N=C4N(C3NC(C)C)C=CC=N4
323,S1C(C=2N(N=NC2C(=O)NN=CC=3SC=CC3)C4=NON=C4N)=CC=C1
324,BrC1=C(N=C2N=CC(=C(O)C2=C1C)C(=O)O)N3CC(NC)CC3
325,S1C=2N=C(C=CC2C(N)=C1C(=O)NC=3SC=C(N3)C)C=4C=CN=CC4
326,C=1C=NC(NC2=CC=C(N3CCOCC3)C=C2)=NC1C=4SC(=NC4C)N
327,O1N=C(C(=O)N2CC(O)CCC2)C=C1C=3C=C4C(NN=C4)=CC3
328,C1(=C(N(C=2C=CC(=CC2)Cl)N=C1C3=CC=NC=C3)O)C=4C=CC(=CC4)F
329,C=1(N=C(C(=CN1)C(=O)N)NC2=CC(=CC=C2)C(F)(F)F)NCCN
330,BrC=1C(C=C(C=2NC3=C(N2)C=CC=C3)C#N)=CC(OC)=C(O)C1
331,ClC=1C(CCCO)=CC=2OCCCCCOC3=NC(NC(=O)NC2C1)=CN=C3C#N
332,ClC1=CC=C(C=C1)NC(=O)C2=C(NCC3=CC=NC=C3)C=CC=C2
334,O=C(N1N=C(NC(=O)CCC)C=2C1=NC=3C(C2)=CC=CC3)CC
335,ClC=1C=CC(C(=O)NC=2C=C3C(C4=CC=CC=C4)=CNC3=NC2)=CC1
336,N1C=2N=CC=CC2C(C=3N=CN=C(NCC4=CC=CC=C4)C3)=C1
337,C=1(C2=NC3=C(C#CC(O)(C)C)N=C(C=C3N2CC)CCN)C(N)=NON1
338,FC(F)(F)OC1=CC=C(C2=CC=3C(C4=CCNCC4)=CNC3C=C2)C=C1
340,O=S1(=O)C2=C(C3=CC(=CC=C3N1C)C4=CC=C(C=C4)CC)NN=C2
341,S1C2=C(C(OC3=CC=C(C(F)(F)F)C=C3)=CN=C2)C=C1C=4OC(=NN4)C
342,S(=O)(=O)(NC1=CC=C(C=2C=C3C(NN=C3NC(=O)C)=CC2)C=C1)CCC
343,O=C(NC1=CN=CC=C1)NCCCCCCNC(=O)NC2=CN=CC=C2
344,ClC1=CC=C([C@H](C=2C=CC(=CC2)C3=CNN=C3)CN)C=C1
346,C1=CN=C2NC=C(C=3N=C(N=CC3)NC4CCCCC4)C2=C1
347,N1(N=NC(=C1C2CC2)C=3C=C4C(NN=C4)=CC3)CC5=CC=CC=C5
349,S1C2=C(C(C=3C=C4OCOC4=CC3)=C1)C(=NC=C2C=CC(=O)NC)N
350,O1C2=CC=3C=4[N+](=CC=5C(C4C=CC3C=C2OC1)=CC=C(OC)C5OC)C
351,N1(CCC(CN)(CC1)CC=2C=CC(Cl)=CC2)C=3N=CN=C4NC=CC34
352,ClC=1N=C(N=C(NC2CCCCC2)C1)C=3C4=C(NC3)N=CC=C4
353,O=C(NC1CCNCC1)C=2C=3N(C(=NC3C=NC2)C4=NON=C4N)CC
354,S1C(C(=O)NC(C2=CC(OC)=CC=C2)C)=CN=C1C=3C=CN=CC3
355,O=C(NC(C1=CC=CC=C1)CN)C2=CC=C(C=3C=CN=CC3)C=C2
356,S(=O)(=O)(N(C1CC1)CC2=CC=3N4C(C(O)=NC3C=C2)=CC=C4)C
357,C=1C(NC(=O)CC2=CC(=CC=C2OC)OC)=NC(=C(C#N)C1N)OCC
358,FC=1C(C(=O)NC(CC2=CC=CC=C2)CO)=CC=C(C1)C=3C=CN=CC3
359,C1(CCN(C2=NC=NC3=C2N=CN3)CC1)(CC4=CC=C(C=C4)Cl)N
360,ClC1=C2N=CC=C(NC(=O)NC3=NC(C(F)(F)F)=CC=C3)C2=CC=C1Cl
361,N1=CN=C2NC=NC2=C1C=3C=CC(=CC3)C(N)CC4=CC=CC=C4
362,NC(CC1=CC=CC=C1)C=2C=CC(=CC2)C=3N=CN=C4N=CNC34
363,O=C(NC(C1=CC=CC=C1)CO)C2=CC=C(C=3C=CN=CC3)C=C2
364,N1=CN=C2NC=NC2=C1C=3C=CC(=CC3)C(N)C4=CC=C(C=C4)Cl
365,ClC1=CC=C(C(N)C=2C=CC(C=3N=CN=C4N=CNC34)=CC2)C=C1
366,CN(C)S(=O)(=O)C1=CC2=C(C=C1)NC(O)=C2CC3=CC4=CCCC=C4N3
367,N1(N=NC(C=2C=C3C(NN=C3)=CC2)=C1)CC=4C(=CC(=CC4)C)C
368,C=12N(C=NC1C(NCC3=CC=CC=C3)=NC(=N2)NCCCO)C(C)C
369,S1C(=C(N(C1=O)CC)C)C2=NC(=NC=C2)NC3=CC(OC)=CC=C3
371,FC=1C(/C=C/2\CNC/C(/C2=O)=C\C=3C(F)=CC=CC3)=CC=CC1
372,ClC=1C(=CC(OC2CCCC2)=C(NC(=O)NC=3N=CC(=NC3)C#N)C1)C
374,S(O)(=O)(N=CCOC=1C=C(C2=CC3=C(C=C2)C=NC=C3)C=NC1)C
375,C1(CCN(C=2C3=C(NC=N3)N=CN2)CC1)(C4=CC=C(C=C4)Cl)N
376,N1(N=NC=2C1=CC=CC2)CC=3N=NN(C4=CC5=C(NN=C5)C=C4)C3
377,C=1(C=C\2C(=CC1)NC(=O)/C2=C\C=3NC=CC3)NC(N)=O
378,N1(CCC(CC=2C=CC(Cl)=CC2)(N)CC1)C=3N=CN=C4NC=CC34
379,C=1(C2=NC3=C(C#CC(O)(C)C)N=C(C=C3N2CC)CN)C(N)=NON1
380,C=12/C(/C(=NC1C=CC=C2)C3C(NC4=C3C=CC(=C4)Br)=O)=N\O
381,CCN1C(=NC=2C(=NC(OCCNC)=CC12)C#CC(C)(C)O)C3=NON=C3N
382,FC(F)(F)C=1C=C(NC(=O)NC=2C=3C(N=CC2)=CC(OC)=CC3)N=CC1
383,C1=CC=C(C=C1)CNC(=O)/C(=C/C2=CC(=C(C=C2)O)O)/C#N
384,ClC1=C(C2=NC3=C(NC=4C2=CC(F)=C(OC)C4)NN=C3C)C=CC=C1
385,C(C1(CCN(CC1)C2=NC=NC3=C2NC(=N3)O)N)C=4C=CC(Cl)=CC4Cl
386,N=1C(=C(C2=CC=NC=C2)NC1C=3C=CC(=CC3)F)C4=CC=C(C=C4)F
387,S1C2=NNC(=C2C=C1C(=O)NCC3CCCCC3)C4=CC=CC=C4
388,FC(F)(F)C=1C=C2N=CC=C(NC(=O)NC3=NC=C(C=C3)C#N)C2=CC1
389,N1(CCC(CN)(CC1)C=2C=CC(Cl)=CC2)C=3N=CN=C4NC=CC34
390,C1CN(CCC1C(N)C2=CC=C(C=C2)Cl)C=3C=CN=C4NC=CC34
391,N12N=C(NCC3=CC=C(C=C3)C)C=CC1=NN=C2C=4C=CC=CC4
392,ClC=1C=C2C(=O)C3=C(N(N=C3C)C4=CC=C(C=C4)C)N(O)C2=CC1
393,O=C(N)C=1C=C(C=2C=C3C(C=4C=CC=CC4)=CNC3=NC2)C=CC1
394,C1=NC(=C(N1C2CCNCC2)C=3N=C(N=CC3)OC)C=4C=CC(=CC4)F
395,FC(F)(F)C=1N=C(NC(=O)NC=2C=3C(N=CC2)=C(F)C=CC3)C=CC1
396,C=1C=CC=2NC(/C(=C\C=3NC(=C(C3C)C(OCC)=O)C)/C2C1)=O
397,ClC=1C=C(F)C(C=2NC(=CC2C(=O)N)C=3N=C(N=CC3)N)=CC1
398,S(C=1N2C=3C(C(=CC2=NN1)C)=CC=CC3)CC=4N=C5N(C4)C=CC=C5
399,C=1C=CN2C(C1)=C(C(=N2)C3=CC=CC=C3)C=4C=C5C(=NN4)NN=C5O
400,O(C=1C(N=C(N)N)=CC(N=C(N)N)=CC1)CCCCCCCCCCCC
401,C1(=CC=C2C(=C1)C=NN2)C=3N=C(SC3)NCC4=CC=CC=C4
402,S1C2=NNC(=C2C=C1C(=O)NC3CCN(CC3)C)C4=CC=CC=C4
403,O=C(NCCNC)C=1C=2N(C(=NC2C=NC1)C3=NON=C3N)CC
404,ClC=1C(C=2NC(=CC2C(=O)N)C=3N=C(N=CC3)N)=CC=C(Cl)C1
405,O=C1NCCC=2NC(=CC21)C=3C=C(N=CC3)C=CC4=CC=CC=C4
406,C1=C2C(=CC(C3=CC(=NC(O)=N3)C4=CC=CC=C4)=C1)C=NN2
407,C=1C(=CC=C2OCOC12)C=3N=C(NC3C4=CC=CC(=N4)C)C(C)(C)C
408,FC(F)(F)C1=NC(NC(=O)NC=2C=3C(N=CC2)=CC(OC)=CC3)=CC=C1
409,O=C(NC=1N=C(C(=C(N)C1)C#N)C2=CC3=C(C=C2)C=CC=C3)C
410,C=1(C=CC=2C(C1)=C(NN2)N)C3=CN(N=N3)CC4=CC=CC=C4
411,ClC=1C=2C(=C(O)C(O)=NC2C=C(Cl)C1)C3=C(O)C=CC(Cl)=C3
412,O=C\1/C(/CN(C/C1=C\C2=NC=CC=C2)C)=C/C3=NC=CC=C3
413,NC=1N=CC=C(N1)C2=C(N=CN2C3CCNCC3)C4=CC=C(F)C=C4
414,FC1=CC=C(C2=CC(OCC(N)CC=3C=4C(NC3)=CC=CC4)=CN=C2)C=C1
415,O(C=1C=C(C=NC1)C=CC2=CC=NC=C2)CC(N)COCC3=CC=CC=C3
416,ClC1=C2C(NC(=O)C=3C=CC(=CC3)C)=C(SC2=CC=C1Cl)C(=O)N
418,N1=CN=C2NC=NC2=C1C=3C=CC(=CC3)C(NC)C4=CC=C(C=C4)Cl
419,ClC1=CC=C(C(NC)C=2C=CC(=CC2)C=3N=CN=C4N=CNC34)C=C1
420,ClC1=CC(C(C(=O)NC2=CC=3C(=NNC3)C=C2)CCN)=CC=C1Cl
421,O(C1=CC=2C=3NN=C(C3CC2C=C1C#C)C4=CN=C(C=C4)C#N)C
422,C1(=CC=C2C(=C1)C(NC=3C=C(C=CC3)Br)=NC=N2)NC(CC)=O
423,C1=CN2C(C=C1)=C(C(=N2)C3=CC=CC=C3)C=4C=C5C(=NN4)NN=C5N
425,N1C=2N=CC=CC2C(C=3N=C(NC4C(N)CCCC4)N=CC3)=C1
426,N1C(=O)C=2C=C(C=3C=C(N=CC3)C=4C=CC=CC4F)NC2CC1
427,O=C(NC(CC1=CC=CC=C1)CO)C2=CC=C(C=3C=CN=CC3)C=C2
428,FC=1C(C2C3C(=NC4=NNC(=C24)C)CC(CC3=O)(C)C)=CC=CC1
429,C1=2C(=NC=NC1=CC(=C(C2)OCC)OCC)NC=3C=C(Br)C=CC3
430,O=C(NC(C)(C)C)C1=CC=2N=C3C(NC4=C3C=CC=C4)=NC2C=C1
431,ClC1=C2C(NC(=O)C=3C=CC(Cl)=CC3)=C(SC2=CC=C1Cl)C(=O)N
432,O=C(NC(C1=CC=CC=C1)C)C2=CC=C(C=3C=CN=CC3)C=C2
433,FC(F)(F)C=1N=C(NC(=O)NC=2C=3C(N=CC2)=CC=C(C3)C)C=CC1
435,C1(=C(C=C(C(OC)=C1)NC(NC2=NC=C(N=C2)C#N)=O)Cl)C=O
436,S1C=2N=C(O)N3N=C(N=C3C2C4=C1CCCC4)C5=CN=CC=C5
437,C1(CCN(C=2C3=C(N=CN2)NC=C3)CC1)(CC4=CC=CC(=C4)Cl)N
438,C1(CCN(C=2C=CN=C3C2C=NN3)CC1)(CC4=CC=C(C=C4)Cl)N
439,C=1C=C2C(=CC1Cl)/C(=C/C=3C=C(C(=C(C3)Cl)O)Cl)/C(N2)=O
442,C1(=C(C=C2CC=3C(=NNC3NC=4C=CC=C(C4)F)C2=C1)OC)OC
443,C1CN(CCC1C(N)C2=CC=C(C=C2)Cl)C3=NC=NC=4NC=NC34
444,S1C=2N=C(O)N3N=C(N=C3C2C4=C1CCCC4)C=5C=CC=CC5
445,C1(CCN(C=2C3=C(NC=C3)N=CN2)CC1)(C4=CC=C(C=C4)Cl)N
446,N1(C(=[N+](C=C1)CCCCCCCCCCCCCCCC)C)CC2=CC=CC=C2
447,FC=1C(C=2N=C3OC=CN3C2C4=NN5C(=NN=C5C(C)C)C=C4)=CC=C(F)C1
448,ClC1=NC=C(C=C1OCC(N)CC=2C=3C(NC2)=CC=CC3)C=CC4=CC=NC=C4
449,S(=O)(=O)(N)C1=CC(NC=2N=C3N(C=CC3=CN2)CC4=CC=CC=C4)=CC=C1
450,FC=1C(C=2N=C3N(C2C4=NN5C(=NN=C5C(C)C)C=C4)CCC3)=CC=C(F)C1
451,O(C1=CC(C=2C=C3C(NN=C3C)=CC2)=CN=C1)CC(N)CC4=CC=CC=C4
452,C1CCOC=2N=C(NC(NC=3C=C(C(=CC3OCC1)OCCO)Cl)=O)C=NC2C#N
453,S(=O)(=O)(O)C=1C=2C(C(NCC=3C=C4OCOC4=CC3)=CC1)=C(O)C=CC2
454,FC1=C(C(=O)NC=2C=C3C(C=4C=CC=CC4)=CNC3=NC2)C=CC=C1F
455,ClC1=CC=C(CC(NC(=O)C2=CC=C(C=3C=CN=CC3)C=C2)CO)C=C1
456,CC=1C=NC=C2C=CC=C(C12)S(N3CCCN(C[C@H]3C)C(CN)=O)(=O)=O
457,O(CCCN)C1=NC(=C2C(N(C(=N2)C=3C(N)=NON3)CC)=C1)C#CC(O)(C)C
458,C=1C(C(NCC2=CC=C(C=C2)S(C)(=O)=O)=O)=NC(=C(C#N)C1N)OCC
459,C1(CCN(C2=C3C(=NC=C2)NC=C3)CC1)(CN)C4=CC=C(C=C4)Cl
460,C1=C(C=CC2=CC(=CC=C12)NC(=O)NC=3C=NC(=CN3)C#N)C(=O)O
461,C=1(C=CC2=C(C1)C=NN2)C=3N=C4N(C3NC5CCCCC5)C=CC=N4
462,FC1=CC=C(C=2N=C3N(C2C4=NC(=NC=C4)NCC5CC5)C=CN=C3)C=C1
463,FC(F)(F)C1=C2N=CC=C(NC(=O)NC3=NC(C(F)(F)F)=CC=C3)C2=CC=C1
464,S1C2=C(C(C=3C=C(C=C(C3)C(F)(F)F)C(F)(F)F)=CN=C2)C=C1C(=O)N
465,C1(NC(N)=O)=CC=C2NC(/C(=C(\C=3NC=C(C3)CN)/C)/C2=C1)=O
466,C1=CC(=CC=C1NC(=O)NC=2C=CC=C(C2)C)C=3C=4C(SC3)=NC=NC4N
467,C=1(C=2N(C(C3=NON=C3N)=NC2C=NC1)CC)C(=O)NC4CNCCC4
468,N1=CC=C2SC=C(C=3C=CC(=CC3)NC(NC4=CC(=CC=C4)C)=O)C2=C1N
469,O(C1=C(NC2=NN3C(=NN=C3C=C2)C=4C=CC=CC4)C=C(OC)C=C1)C
471,S1C=2C(N=C1NC(C3=CC=CC=C3)CCO)=CC=C(C2)C=4C=CN=CC4
472,S=C(NNC(=O)C(O)(C1=CC=CC=C1)C2=CC=CC=C2)NC=3C=CC(F)=CC3
473,C=1C(=CC=C(C1)OCCN2CCCC2)NC3=NC=C(S3)C4=CC=CC=C4
474,ClC=1C=CC(NC(=S)NNC(=O)C(O)(C2=CC=CC=C2)C3=CC=CC=C3)=CC1
475,C=1C(C(NCC2=CC=CC=C2S(N)(=O)=O)=O)=NC(=C(C#N)C1N)OCC
476,O1C(C2=NC=3C(N=C2C=4OC=CC4)=CC=C(NC(=O)N(C)C)C3)=CC=C1
477,C1(CCN(CC1)C2=NC=NC=3NC=CC23)(CC4=CC=CC(=C4)OC(F)(F)F)N
479,C=1(C2=NC3=C(C#CC(O)(C)C)N=C(C=C3N2CC)CN(C)C)C(=NON1)N
481,O(C(=O)N1C=2C(C(C=3N(C4CCCCC4)C=NC3)=C1)=CC=CC2)C(C)(C)C
482,C1(CCN(C=2C3=C(N=CN2)NC=N3)CC1)(CN)C4=CC=C(C=C4)Cl
483,C1(CCN(CC1)C2=NC=NC3=C2C=CN3)(CC4=C5C(=CC=C4)C=CC=C5)N
484,ClC1=NC(=NC(C=2C3=C(NC2)N=CC=C3)=C1)NC4CCC(O)CC4
486,S1C2=NNC(=C2C=C1C(=O)NCC3=CC(OC)=CC=C3)C4=CC=CC=C4
487,S1C(C2=CC(OCC(N)CC=3C=4C(NC3)=CC=CC4)=CN=C2)=CC=5C1=CN=CC5
488,S1C(C2=CC(OCC(N)CC=3C=4C(NC3)=CC=CC4)=CN=C2)=CC5=C1C=CN=C5
489,C1(=CC=C2N=CN=C(C2=C1)NCCC3=CC=C(C=C3)OC4=CC=CC=C4)N
490,ClC1=CC(C(NC(=O)C2=CC=C(C=3C=CN=CC3)C=C2)CO)=CC(Cl)=C1
491,S1C=2N(C(=N)C(C(C2C(OCC)=O)C=3OC=CC3)C#N)C(=O)C1=CC=4OC=CC4
492,ClC=1C=CC(=CC1)C2(CCNCC2)C=3C=CC(=CC3)C=4N=CN=C5NC=NC45
493,O=C(NCC1=CC=CC=C1)C=2C=C(C3=CC4=C(N=C3)NC=C4)C=CC2
494,O=C(NC1=NNC=N1)C2=CC3=C(N(C(=C3C)C)CC4=CC=CC=C4)C=C2
495,O=C(N)C1=C(NC(=C1)C=2N=C(N=CC2)N)C3=C(C(=CC=C3)C)C
496,O=C(N)C1=NC=C(N=C1NC=2C=C(C=CC2)C)NC3C(N)CCCC3
497,O=C(NC(C1=CC(OC)=CC=C1)C)C2=CC=C(C=3C=CN=CC3)C=C2
498,C1(OCCCCN)=CN=C(C=2N=C(C3=NON=C3N)N(C21)CC)C#CC(C)(O)C
499,N1=CN(C2=NC(=NC(=C12)N=C(N)N)N[C@@H](CC)CO)C(C)C
500,N1=CN(C2=NC(=NC(=C12)N=C(N)N)N[C@H](CC)CO)C(C)C
501,C1(CCN(CC1)C2=NC=NC3=C2C=CN3)(CC4=CC=5C(C=C4)=CC=CC5)N
502,ClC1=CC(NC=2NN=C(C2C3=CC=C(O)C=C3)C4=CC=C(O)C=C4)=CC=C1
503,C=1(C(=CC=CC1F)F)C(N2N=C(NC=3C=CC(=CC3)S(=O)(N)=O)N=C2N)=O
504,O=C(NC(C1=CC(OC)=CC=C1)C)C2=CC=C(C3=NC=NC=C3)C=C2
505,FC1=CC=C(C=2N=C3OC=CN3C2C4=NC(=NC=C4)NC5CCNCC5)C=C1
506,O=C(NC=1C=CN=CC1)C2C(C2)(C3=CC(=CC=C3)C)C=4C=C(C=CC4)C
507,C1(CCN(C=2C3=C(NC=C3)N=CN2)CC1)(CC4=C(C(=CC=C4)Cl)Cl)N
508,O=C(N(C)C)C=1N(N=NC1C=2C=C3C(NN=C3)=CC2)CC4=CC=CC=C4
509,FC(F)(F)C1=C2N=CC=C(NC(=O)NC3=NC(N4CCOCC4)=CC=C3)C2=CC=C1
510,C1=CC=CC(C1)SC(C(C=2C=CC=C(C2)C(C3=CC=NC=C3)O)C#N)=N
511,FC=1C(C=2N=C3OC=CN3C2C4=NN5C(=NN=C5C=C4)C(CO)(C)C)=CC=C(F)C1
512,N1=CC=2C=C(C(N(C2N=C1NC3CCOCC3)C)=O)OC4=CC=C(C=C4F)F
513,C1(=NN=C2NN=C(C2=C1)NC(=O)CCCN(C)C)C3=C(C(=CC=C3)F)F
514,C1(CCN(C2=C3C(=NC=C2)NC=C3)CC1)(CC4=CC=C(C=C4)Cl)N
515,CCN1C(=NC=2C(=NC(CN3CCCC3)=CC12)C#CC(C)(C)O)C4=NON=C4N
516,O=C(NCC1=CN=CC=C1)NCCCCCCNC(=O)NCC2=CN=CC=C2
517,S1C(C=NNC(=O)C=2N=NN(C2C3=CC=CC=C3)C4=NON=C4N)=CC=C1
518,C1(CCN(C=2C3=C(NC=C3)N=CN2)CC1)(CC4=C(C=C(C=C4)Cl)Cl)N
519,O=C(NC=1C=C2C(C3=CC=CC=C3)=CNC2=NC1)C=4C=CC(OC)=CC4
520,ClC1=CC(CC(N)COC2=CC(C=3C=C4C(NN=C4C)=CC3)=CN=C2)=CC=C1
521,C1(CCN(C=2C3=C(NC=C3)N=CN2)CC1)(CC4=C(C=CC(=C4)Cl)Cl)N
522,ClC=1N=C(N=C(NC2CCC(O)CC2)C1)C=3C4=C(NC3)N=CC=C4
523,C=1C=2C=CC=CC2N=CC1C=3C=C(C=CN3)C4=CC=5C(=O)NCCC5N4
524,O1C=2C(N=C1NC3=CC=C(C=4C=5C(=C(O)NC5)C=CC4)C=C3)=CC=CC2
525,O1C(C=NNC=2N=CN=C(N3N=C(C=C3C4=CC=CC=C4)C)C2)=CC=C1
526,C=12C3=C(C=4C=CC=CC4N3)C5=C(C1C=6C=CC(=CC6N2)Br)C(NC5=O)=O
527,O=C1C(=NC=2C=CN=CC2)C(NCCC3=CC=C(OC4=CC=CC=C4)C=C3)C1=O
529,S(=O)(=O)(NC1=CC=C(C=2C=C3C(NN=C3NC(=O)CC)=CC2)C=C1)CCC
530,CCN1C(=NC2=C(N=CC(OC3CCNCC3)=C12)C#CC(C)(C)O)C4=NON=C4N
531,FC1=C(C2=NC3=C(N2)C=CC=C3C(=O)N)C=CC(=C1)C4CNCCC4
532,C=1C=CC2=C(C1)/C(/C(=N2)C3C(NC4=C3C=CC(=C4)Br)=O)=N/OC(C)=O
533,O1N=C(C(=O)N2CC(CCC2)C(=O)N)C=C1C=3C=C4C(NN=C4)=CC3
534,COC1=CC=C(COC2=CC=C(CC3=CN=C(N)N=C3N)C=C2OC)C=C1
535,C1(CCN(C=2C3=C(NC=C3)N=CN2)CC1)(CC4=CC=CC(=C4)OC)N
536,CCN1C(=NC2=C(N=CC(OCC3CCNCC3)=C12)C#CC(C)(C)O)C4=NON=C4N
537,S1C=2N(C(=N)C(C(C2C(=O)N)C=3OC=CC3)C#N)C(=O)C1=CC=4OC=CC4
538,FC1=CC=C(C=2N=C3N(C2C=4N=C(N=CC4)NCCOC)C=CN=C3)C=C1
539,C1(=CC=C2C(=C1)C3=NNC(C=4C=CC(=NC4)C#N)=C3C2)OCCN5CCOCC5
540,S1C=2N=CN=C(N)C2C(C3=CC=C(NC(=O)NC4=CC=CC=C4)C=C3)=C1
541,O=C(NC=1NN=C2C1C=C(C=3N=NN(C3)CC4=CC=CC=C4)C=C2)CCC
542,BrC1=CC(NC(=O)NC2=CC=C(C=3C4=C(SC3)C=CN=C4N)C=C2)=CC=C1
543,C1(NC(N)=O)=CC=C2NC(/C(=C\C=3NC=C(C3)C(O)=O)/C2=C1)=O
544,N=1C=C(C(NCC2CCC(CC2)CN)=NC1NCC3=CC=CC=C3Cl)N(=O)=O
545,FC=1C(C=2C=CN=CC2)=CC=C(C(=O)NC(C3=CC(OC)=CC=C3)C)C1
546,C(CCC1=CC=C2C(C3=C(CC(N2)=O)C4=CC(=CC=C4N3)N(=O)=O)=C1)#N
547,FC=1C(C=2N=C3N(C2C4=NN5C(=NN=C5C=C4)C(O)(C)C)CCC3)=CC=C(F)C1
548,C1(CCN(C2=NC=NC3=C2C=CN3)CC1)(COCC4=CC=C(C=C4)Cl)N
549,ClC1=CC=2NC(=NC2C(=C1)C(=O)N)C3=C(F)C=C(C=C3)C4CNCCC4
550,N1(C=2C(C(C(C=3C=C(C=NC3)C=CC4=CC=NC=C4)CN)=C1)=CC=CC2)C
551,O(C=1C=C(C=NC1)C=CC2=CC=NC=C2)CC(N)CC=3C=4C(NC3)=CC=CC4
552,OC=1C(=C2C(C(=NNC(=O)CC=3C=4C(C=CC3)=CC=CC4)CCC2)=CC1)C
554,O(C=1C=C(C=NC1)C=CC2=CC=NC=C2)CC(O)CC=3C=4C(NC3)=CC=CC4
555,O=C(NC=1C=C2C(C=3C=CC=CC3)=CNC2=NC1)C4=CC(OC)=CC=C4
556,O=C1NC=2C(NC=3C1=CC=C(C=4C(C(OC)=O)=CC=CC4)C3)=CC=CC2
557,C1=CC=C(C=2C=CC(=CC2)NC(=O)NC3=CC(=CC=C3)C)C=4C=NNC41
558,C=1(C2=NC3=C(C#CC(O)(C)C)N=C(C=C3N2CC)CCCN)C(=NON1)N
559,O=C(NC=1C=C(OC)C=CC1)C2=C3N(N=C2)C(C4=CC=CC=C4)=CC=N3
560,BrC=1C(C=C(C=2NC3=C(N2)C=CC(=C3)C)C#N)=CC(OC)=C(O)C1
561,O=C(N1C[C@H](N)CC1)C=2C=3N(C(=NC3C=NC2)C4=NON=C4N)CC
562,CCN1C(=NC2=CN=CC(C(=O)N3CC[C@H](N)C3)=C12)C4=NON=C4N
564,FC=1C(C=2N=C3OC=CN3C2C4=NN5C(=NN=C5CC(O)(C)C)C=C4)=CC=C(F)C1
565,C=1(C=NC=CC1)CCNC2=NC(C(C3=NC=4C(S3)=CC=CC4)C#N)=CC=N2
566,ClC1=CC=2NC(=O)NC=3N=C(OCC(O)C(O)COC2C=C1)C(=NC3)C#N
568,FC(F)(F)OC1=CC=C(C=C1)NC2=NC=NC(=C2)C3=CC(=CC=C3)C(=O)N
569,O=C1NCC=2C(C3=CC=C(NC4=NC=5C(N4)=CC=CC5)C=C3)=CC=CC21
570,OC1=NC=CC=2C3=C(C4=C(C12)C=C(F)C=C4)NC(=N3)C(C)(C)C
571,O(C=1C=2NC=3C(C(=O)NC2C=CC1)=CC=C(NC4=CC=NC=C4)C3)C
572,C1=CC=C2C(N(C(=N2)NC(=O)C=3C=CC=C(C3)N(=O)=O)CCCO)=C1
573,O=C(NC(C1=CC(OCCC)=CC=C1)C)C2=CC=C(C=3C=CN=CC3)C=C2
574,O(CCN)C1=NC(=C2C(N(C(=N2)C=3C(=NON3)N)CC)=C1)C#CC(O)(C)C
575,N1=C(NC=2C1=CC(C(=O)N)=CC2)C3=CC=C(OC=4C=CC(=CC4)Cl)C=C3
576,C1=CC=C(C=2C=CC(=CC2)NC(=O)NC3=CC=CC=C3)C=4C(N)=NNC41
577,FC1=C(C(=O)NC=2C=C3C(C4=CC=CC=C4)=CNC3=NC2)C(F)=CC=C1
578,N=1C=C(C(NCC2CCC(CN)CC2)=NC1NCC3=CC=CC=C3SC)N(=O)=O
579,O=C(NC(C1=CC(OC)=CC=C1)CN)C2=CC=C(C=3C=CN=CC3)C=C2
581,OC1=CC=C(C=2C(=NNC2NC3=CC=C(O)C=C3)C4=CC=C(O)C=C4)C=C1
582,ClC=1N=C(NCC2=CC=CC=C2)C=C(C=3C=4C(NC3)=NC=CC4)C1
583,O=C(N)C=1C=2NC(=NC2C=CC1)C3=CC=C(OCCN(CC)CC)C=C3
584,ClC1=CC=C(CNC(=O)C=2SC3=NNC(=C3C2)C4=CC=CC=C4)C=C1
585,ClC=1C(OC)=CC(OC)=C(NC2=NN3C(=NN=C3C=C2)C=4C=CC=CC4)C1
586,C1(CCN(C=2C3=C(NC=C3)N=CN2)CC1)(CC4=C(C=CC=C4Cl)Cl)N
587,ClC1=C(C=C(OC)C(NC(=O)NC=2N=CC(=NC2)C#N)=C1)C(=O)O
588,COC=1C=C2C(=NC=NC2=CC1OCCCN3CCCC3)OC=4C=CC=5NC(C)=CC5C4F
589,O=C1C(=NC2=CC=3C(=NNC3)C=C2)C(NCC4=CC=C(OC)C=C4)C1=O
590,ClC1=C(OCC)N=C(C(=O)NCC=2C(S(=O)(=O)N)=CC=CC2)C=C1N
591,FC(F)(F)C=1C=C2N=CC=C(NC(=O)NC=3N=C(C(F)(F)F)C=CC3)C2=CC1
592,N1(N=NC(=C1C2=CC=CC=C2)C3=CC=4C(=NNC4N)C=C3)CC5=CC=CC=C5
594,C=12C(=C(O)NC1)C=CC=C2C=3C=CC(N=C(NC4=CC(C)=CC=C4)O)=CC3
595,FC=1C(C=2N=C3OC=CN3C2C=4C=C5N(N=NC5=CC4)C(C)C)=CC=C(F)C1
596,O(C=1C(OC)=CC=C(C1)C=NNC=2N=CN=C3C2NC4=C3C=CC=C4)C
597,S(=O)(=O)(N)C1=CC(NC=2N=C3N(C4=CC=CC=C4)C=CC3=CN2)=CC=C1
598,C1(OCCN)=CN=C(C=2N=C(C3=NON=C3N)N(C21)CC)C#CC(C)(O)C
599,O=C(NC(C1=CC(OC)=CC=C1)C)C2=CC=C(C3=C(C=NC=C3)C)C=C2
600,O=C(NC=1C(=C(O)C=CC1)C)C2=C3N(N=C2)C(C4=CC=CC=C4)=CC=N3
601,C1(CCN(C=2C3=C(NC=C3)N=CN2)CC1)(CC4=CC(=C(C=C4)Cl)Cl)N
602,C1CCOC=2N=C(NC(NC=3C=C(C(=CC3OCC1)OCCCO)Cl)=O)C=NC2C#N
603,C1(CCN(C=2C3=C(N=CN2)NC=C3)CC1)(CC4=C(C=CC=C4)Cl)N
604,C1(CCN(C=2C3=C(NC=N3)N=CN2)CC1)(CC4=CC=C(C=C4)Cl)CN
605,O=C(NC(C1=CC(OC)=CC=C1)C)C=2C=C(C(C=3C=CN=CC3)=CC2)C
606,C=1C=NC=2N(C=C(C=3C(NC(C3C4=CN=CC=N4)=O)=O)C2C1)CCCO
607,C1(CCN(C=2C3=C(NC=C3)N=CN2)CC1)(CC4=C(C=C(C=C4)F)Cl)N
608,N1C(=C(C2=CC=C(C=C2)F)N=C1C=3C=CC(=CC3)SC)C=4C=CN=CC4
610,ClC=1C(CNC2C(=NC3=CC=4C(=NNC4)C=C3)C(=O)C2=O)=CC=C(Cl)C1
611,C1=C(N)C(Cl)=C(N=C1C(NCC2=CC=C(C=C2)S(C)(=O)=O)=O)OCC
612,O(C(=O)C=1C=2N=C(NC2C=CC1)C=3C=CC(N4CC(N)CC4)=CC3)CC
613,FC1=CC=CC(F)=C1NC(=S)N2N=C(N=C2N)NC3=CC=C(C=C3)S(=O)(=O)N
614,O=C(NC=1C=C(C=CC1)C)CC2=CC=C(C3=C4C(NN=C4N)=CC=C3)C=C2
615,C=1(C=C(C=2C(C=C(OC2C1C3C(CN(CC3)C)O)C=4C=CC=CC4Cl)=O)O)O
616,S1C=2N(C=3C(C(=O)C2C(=O)O)=CC(F)=C(N4CC(N)CC4)C3F)C(C1)C
617,N1(C=2N=C(N=C(NC=3NN=C(C3)C)C2)C=CC4=CC=CC=C4)CCN(CC1)C
618,C=1(N=CC=2C(C1)=C(N=CN2)NC=3C=CC(=C(C3)Cl)F)NC(C#CC)=O
619,N1=CN=C(C2=CC(=C(C=C12)OC)OC)NC=3C=CC(=CC3)OCC=4C=CC=CC4
620,C=1C=C(C=CC1C[C@@H](N)C(N2CCN(CC2)C=3C4=C(N=CN3)C=CC=C4)=O)OC
622,C12=C(N=C3C(=C1O)C=CC(Cl)=C3)CC(CC2=O)C4=C(C=C(C=C4)Cl)Cl
623,ClC=1C(Cl)=CC=C(C1)CC(N)COC2=CC(C=3C=C4C(NN=C4C)=CC3)=CN=C2
624,O=C1C(NC=2N=C(N=CC2)NC=3C=C(C=CC3)C)=C(NC(C(C)(C)C)C)C1=O
625,C1(OCC2CCNC2)=CN=C(C=3N=C(C4=NON=C4N)N(C31)CC)C#CC(C)(O)C
626,FC=1C(NC(=O)NC2=CC=C(C3=C4C(NN=C4N)=CC=C3)C=C2)=CC(=CC1)CO
627,FC1=C(N=C2N=CC(=C(O)C2=C1C)C(=O)O)N3CC(NC(=O)C)CC3
629,S1N=C(N)C=2C(C=3C=CC(NC(=O)NC4=CC(=CC(=C4)C)C)=CC3)=CC=CC12
630,C1(CCN(CC1)C2=NC=NC=3NC=CC23)(C(N4CCC5=C(C4)C=CC=C5)=O)N
631,C(C1(CCN(C2=NC=NC3=C2NC(=N3)O)CC1)N)C=4C=CC(=CC4)C(C)(C)C
633,C=1(C2=NC3=C(C#CC(O)(C)C)N=C(C=C3N2CC)OC[C@H](N)C)C(N)=NON1
634,C=1(C2=NC3=C(C#CC(O)(C)C)N=C(C=C3N2CC)OC[C@@H](N)C)C(N)=NON1
635,FC1=CC=C(C=2N=C3OC=CN3C2C=4N=C(N=CC4)NCC(CN(C)C)(C)C)C=C1
636,O=C(N)C1=C2N=C(NC2=CC=C1)C3=NC(NCCCN(CC)CC)=CC=C3
637,O1C(C2=NC=3C(N=C2C=4OC=CC4)=CC=C(NC(=O)N(CC)CC)C3)=CC=C1
638,C1=CN=C2C=CC(C=3C=CC(=CC3)NC(NC4=CC=CC(=C4)C)=O)=C(C2=N1)N
639,S(=NC1=C(C=C2C(OCCCCCOC=3N=C(NC(=O)N2)C=NC3C#N)=C1)Cl)(C)(O)=O
640,O=C(NC=1NN=C2C1C=C(C=3N=NN(C3)CC4=CC=CC=C4)C=C2)CN(C)C
641,C1(Br)=C(C=2C=3C=CNC3N=CC2)SC(C(NC(CN)CC4=CC=CC=C4)=O)=C1
642,O=C(N(CCOC)C)C=1N(N=NC1C=2C=C3C(NN=C3)=CC2)CC4=CC=CC=C4
643,N1=CN=C(C=2SC=CC21)NCCC=3SC(=NC3)NC(NC4=CC(=CC=C4)Cl)=O
644,S1N=C(O)C2=C1N(C3=C(C2=O)C=C(F)C(NCC4=CC=CC=C4)=C3F)C5CC5
645,C1(NC(N)=O)=CC=C2NC(/C(/C2=C1)=C\C=3NC=C(C3C)C(O)=O)=O
646,O(C1=NC(N2CCOCC2)=CC(=N1)NN=CC3=CC(=CC=C3)C)CCC4=NC=CC=C4
647,NC1=NC=NC=2N(C3CCCC3)C=C(C12)C4=CC=C(C=C4)OC5=CC=CC=C5
648,O(C1=CC(C=2C=C3C(NN=C3C)=CC2)=CN=C1)CC(CC4=CC=CC=C4)CN
649,N1=C(NC2=CC3=C(C=C2)NN=C3)N=C(NC=4C=CC=CC4C(O)=O)C=C1
650,O=C(NC1=CC=CC=C1)C2=NNC3=C2C=C(C=4C=C(OC)C(O)=CC4)C=C3
651,OS(O)(=NC=1C(=C(C=CC1)NC2=CC=C3C(=C2)C(N(C=N3)C)=O)C#N)=CCC
652,C1(Cl)=CC2=C(OCCCCOC=3N=C(C=NC3C#N)NC(N2)=O)C=C1NCC4=CN=CS4
653,CCN1C(=NC2=C(N=CC(OC[C@@H]3CCCN3)=C12)C#CC(C)(C)O)C4=NON=C4N
654,O(CCCCN)C=1C=C2C(=C(N1)C#CC(O)(C)C)N=C(N2CC)C=3C(N)=NON3
655,O1C2=NC=NC(N)=C2C(C3=CC=C(NC(=O)NC4=CC(=CC=C4)C)C=C3)=C1
656,C=1C=C(C=CC1C[C@@H](N)C(N2CCN(CC2)C=3C4=C(N=CN3)C=CC=C4)=O)F
657,ClC1=CC=2N(C=3N=C(N=C(N)C3C(=O)C2C=C1)N)C4=C(C=C(O)C=C4)C
658,S(=O)(=O)(N(C)C)C=1C(C=2C=C3NC=4C(NC(=O)C3=CC2)=CC=CC4)=CC=CC1
659,C1=C(C[C@@H](N)C(N2CCN(CC2)C=3C4=C(N=CN3)C=CC=C4)=O)C=CC=C1
660,O1C2=NC=NC(N)=C2C(C3=CC=C(NC(=O)NC=4C(=CC=CC4)C)C=C3)=C1
661,NC(=O)C=1C(=NSC1NC(=O)NCCCCN2CCCC2)OCC=3C(F)=CC(Br)=CC3F
662,C=1C=2N=CN(C2C=CC1)C=3SC(C(N)=O)=C(OCC4=CC=CC=C4C(F)(F)F)C3
663,ClC1=CC=C(C2(CCNCC2)C=3C=CC(=CC3)C=4N=CN=C5N=CNC45)C=C1
664,S(=O)(=O)(N)C1=CC=C(CNC(=O)C2=NC(OCC)=C(C(N)=C2)C#N)C=C1
665,C1(CCN(CC1)C=2C=CN=C3C2C=CN3)(CC4=CC=C(C=C4)C(C)(C)C)N
666,C1(CCN(CC1)C2=NC=NC3=C2C=CN3)(C(NCC4=CC=C(C=C4)F)=O)N
667,C1=C(N)C(=C(OCC)N=C1NC(CC2=CC(=C(C=C2OC)S(=O)(=O)C)OC)=O)Cl
668,N1=CN=C2ON=C(C2=C1N)C3=CC=C(C=C3)NC(=O)NC4=CC(=CC=C4)C
669,BrC=1SC=2N=CN=C(N)C2C1C=3C=CC(NC(=O)CC=4C=C(Cl)C=CC4)=CC3
670,FC1=CC=C(C=2N(N=NC2C3=CC=4C(=NNC4N)C=C3)CC5=CC=CC=C5)C=C1
671,C=12C(=C(O)NC1)C=CC=C2C=3C=CC(N=C(NC4=CC(C)=C(C=C4)C)O)=CC3
672,S1N=CC2=C(C3=CC=C(NC(=O)NC4=CC(=CC(=C4)C)C)C=C3)C=CC=C12
673,O=C1NC=2C(NC=3C1=CC=C(C3)C=4C=C(OC)C(O)=CC4)=CC=C(N(=O)=O)C2
674,O1C2=NC=NC(N)=C2C(C3=CC=C(NC(=O)NC4=CC=C(C=C4)C)C=C3)=C1
676,BrC1=CC(NC(=O)NC2=CC=C(C=3C4=C(NN=C4N)C(=CC3)C)C=C2)=CC=C1
677,S1C2=C(C(C3=CC4=C(NC(=C4)C)C(F)=C3)=C1)C(=NC=C2C=CC(=O)NC)N
678,O(C=1N=C(C=C(N)C1C#N)C(=O)NCC=2C(OC)=CC=C(OC)C2)C(C)C
679,C=1C=C(C=CC1C[C@@H](N)C(N2CCN(CC2)C=3C4=C(N=CN3)C=CC=C4)=O)C
680,FC(F)(F)C=1C(CN2N=NC(C=3C=C4C(NN=C4)=CC3)=C2)=CC=C(C1)C(F)(F)F
681,C=1C=C(C=CC1C[C@@H](N)C(N2CCN(CC2)C=3C4=C(N=CN3)C=CC=C4)=O)Cl
682,S1C2=NNC(=C2C=C1C(=O)NCC3=CC=C(N(C)C)C=C3)C4=CC=CC=C4
683,FC=1C(NC(=O)NC2=CC=C(C=3C(N)=C4N=CC=NC4=CC3)C=C2)=CC(=CC1)C
684,ClC1=CC(=C(NC(=S)NNC(=O)C(O)(C2=CC=CC=C2)C3=CC=CC=C3)C=C1)C
685,BrC=1C(=NC(NC=2C=C(S(=O)(=O)N)C=CC2)=NC1)NC=3C=CC(OCC#N)=CC3
686,O1N=C(N2N=NC(=C2C3=CC=CC=C3)C(=O)NN=C(C=4OC=CC4)C)C(=N1)N
688,N=1NC(=C2C1C=3C(C2)=CC=C(C3)C#CCN(CC)CC)C4=CN=C(C=C4)C#N
689,O1N=C(N2N=NC(=C2C3=CC=CC=C3)C(=O)NN=CC4=CC=NC=C4)C(=N1)N
690,ClC=1C(CN=C2C(N(C3=CC4=C(NN=C4)C=C3)C)C(=O)C2=O)=CC=C(Cl)C1
691,C1(CCN(CC1)C2=NC=NC=3NC=CC23)(C(N(CC4=CC=C(C=C4)Cl)C)=O)N
692,C1(CCN(CC1)C2=NC=NC=3NC=CC23)(CC4=CC=C(C=C4)OC(F)(F)F)N
693,N1=CN(C2=NC(=NC(=C12)NCC=3C=CC(=CC3)OC)N(CCO)CCO)C(C)C
694,N1(CCC(N)(CC2=CC=C(C=C2)C(C)(C)C)CC1)C3=NC=NC=4NC=CC34
695,C1(NC(N)=O)=CC=C2NC(/C(/C2=C1)=C\C=3NC=C(C3)C4=CC=CC=C4)=O
696,C=1C(NC(=O)NC2=CC(=CC=C2)C)=CC=C(C3=C4C(=CC=C3)NN=C4N)C1
697,C1(CCN(CC1)C2=NC=NC=3NC=CC23)(C(N4C(CCC4)C5=CC=CC=C5)=O)N
698,C1(=CC=C2C(=C1)C=NN2)C3=C(N=CN3CCN4CCOCC4)C5=CC=C(C=C5)F
699,C1(CCN(CC1)C2=NC=NC=3NC=CC23)(CC4=C(C=CC=C4)OC(F)(F)F)N
700,O=C(NC=1NN=C2C1C=C(C=3N=NN(C3)CC4=CC=CC=C4)C=C2)C5=CC=CC=C5
701,C1(CCN(CC1)C2=NC=NC3=C2C=CN3)(C(NCC4=CC=CC=C4Cl)=O)N
702,S1C=2N(C=3C(C(=O)C2C(=O)O)=CC(F)=C(N4CC(N)CC4)C3)C(C1)C
703,C=1C(=CC=CC1C[C@@H](N)C(N2CCN(CC2)C=3C4=C(N=CN3)C=CC=C4)=O)Cl
704,C1(CCN(CC1)C2=NC=NC=3NC=CC23)(C(NCC4=CC=C(C=C4F)F)=O)N
705,O=C(NC=1CC=2C3=C(N=CC3=CN=NC2O)C1)C4C(C4)C5=CC=CC=C5
706,O=C(N(C(C)C)C)C=1N(N=NC1C=2C=C3C(NN=C3)=CC2)CC4=CC=CC=C4
707,C1=C(C(C#N)=C(N=C1NC(=O)CC2=CC(=C(C=C2OC)S(=O)(=O)C)OC)OCC)N
708,O=C1C(NC=2C=C3C(NN=C3)=CC2)C(=NCC4=CC(NC(=O)C)=CC=C4)C1=O
709,FC1=C(C2=CC(OC)=C(C(=O)NC(C3=CC(OC)=CC=C3)C)C=C2)C=CN=C1
710,O=C(NC1=C(OC)C=CC(OC)=C1)C2=C3N(N=C2)C(C4=CC=CC=C4)=CC=N3
711,FC(F)(F)C1=CC(CC(N)COC2=CC(C=3N=CC4=NNC(=C4C3)C)=CN=C2)=CC=C1
712,C1(=CC=C2C(=C1)C3=C(C2)C(C=4C=CC(=NC4)C#N)=NN3)OCCCCN5CCOCC5
713,O=C1NCC=2C(C=3C(=CC(NC(=O)NC4=CC(=CC(=C4)C)C)=CC3)C)=CC=CC21
714,C1=CC2=C(N=C(N2CCN3CCOCC3)NC(=O)C=4C=CC=C(C4)N(=O)=O)C=C1
715,FC1=CC=C(C=2N=C3N(C2C=4N=C(N=CC4)NCC(CO)(C)C)C=CN=C3)C=C1
716,ClC=1C(OCCCC=2C3=C(NC2C(=O)O)C(C(=C(C)C)C)=CC=C3)=CC=CC1Cl
717,C=1(C=C(N(=O)=O)C=CC1)C=2OC(=CC2)/C=N\N/C(=N/N(=O)=O)/N
718,C(=O)(NC1=CC=C(C2=NSC3=NC=NC(=C32)N)C=C1)NC4=CC(=CC=C4F)C
719,N1(C=2C(C3=C1C4=C(C=5C3=C(NC5)O)C6=C(N4CCC#N)C=CC=C6)=CC=CC2)C
720,O=C(N1CC=C(C=2C3=C(NC2)N=CC=C3)CC1)NC(C4=CC=CC=C4)CO
721,O=C(NC=1C=C(C=NC1)C=CC2=CC=NC=C2)C(N)CC=3C=4C(NC3)=CC=CC4
722,S1C2=NC(=NC(N)=C2C(C3=CC=C(NC(=O)NC4=CC(=CC=C4)C)C=C3)=C1)N
723,S(C=1C=C2NN=C(C2=CC1)C=CC3=NC=CC=C3)C=4C(C(=O)NC)=CC=CC4
724,C=1C(C=2C3=C(SC2)C=CN=C3N)=CC=C(NC(NC=4C=C(C=CC4)F)=O)C1
725,C1(CCN(CC1)C2=NC=NC3=C2C=CN3)(CNC(C=4C=CC(=CC4)Cl)=O)N
726,C=1C=C(C=CC1C[C@@H](N)C(N2CCN(CC2)C=3C4=C(N=CN3)C=CC=C4)=O)Br
727,ClC=1C=C2C(=C(C3=NNC(C3)C4=CC=CC=C4)C(O)=NC2=CC1)C5=CC=CC=C5
728,FC=1C(C=2N=C3N(C2C4=NN5C(=NN=C5C=C4)C(CO)(C)C)CCC3)=CC=C(F)C1
729,C1(CCN(CC1)C2=NC=NC=3NC(=NC23)O)(C(NCC4=CC=C(C=C4)Cl)=O)N
730,C=1C(C=2C3=C(SC2)C=CN=C3N)=CC=C(NC(NC=4C=C(C=CC4)Cl)=O)C1
731,C=1(N=CC(=CC1)C2=CN=C3C(=N2)N(CC(N3)=O)CC4CCOCC4)C(O)(C)C
732,C1(CCN(CC1)C2=NC=NC=3NC=CC23)(C(NCC4=CC=C(C=C4Cl)F)=O)N
733,FC1=CC=C(C=2N=C3N(C2C4=NC(=NC=C4)NCC(CO)(C)C)C=CN=C3C)C=C1
734,C1COCCN1CCCOC2=C(C=C3C(=C2)C(=NC=N3)NC4=CC(Cl)=C(F)C=C4)OC
735,FC1=CC=C(C=2N=C3OC=CN3C2C=4N=C(N=CC4)NC(C5=CC=CC=C5)C)C=C1
736,FC=1C(C=2N=C3N(C2C4=NC(=NC=C4)NCC(O)(C)C)C=CN=C3C)=CC=C(F)C1
737,C1(CCN(CC1)C=2C=CN=C3C2C=CN3)(C(NCC4=CC=C(C=C4)Cl)=O)N
738,C1(=C(C=2C3=C(N=CC2)NC=C3)SC(=C1)C(NC(CN)C=4C=CC=CC4)=O)Br
739,C1(NC(N)=O)=CC=C2NC(/C(/C2=C1)=C\C=3NC=C(C3)C4=CN=CC=C4)=O
740,N1(CCC(N)(CC1)C(=O)NCC=2C=CC(Cl)=CC2)C=3N=CN=C4NC=CC34
741,S1C2=C(C(C=3C=C4N=C(SC4=CC3)C)=C1)C(=NC=C2C=CC(=O)NC)N
742,O=C(NC1=CC=C(C=2C=C(C=CC2)C(=O)N)C=C1)NC3=CC(=CC=C3)C
743,C1(CCN(CC1)C2=NC=NC3=C2C=CN3)(C(NCC4=CC=CC(=C4)Cl)=O)N
744,C=1N=C(N2CCN(CC2)C3=NC=C(C=N3)CC4=CC=CC=C4)C5=C(N1)C=CC=C5
745,O=C(NC(C1=CC=CN=C1)C)C2(N)CCN(CC2)C3=NC=NC=4NC=CC34
746,FC1=C(C2=NN=C3NN=C(NC(=O)CCCN4CCN(CC4)CC)C3=C2)C=CC=C1F
747,C1=CC=CC(=C1)C(NC(=O)C2(N)CCN(CC2)C3=NC=NC4=C3C=CN4)C
748,N1=C(NC2=CC3=C(C=C2)C=NN3)N=C(NC=4C=CC=CC4C(O)=O)C=C1
749,C1CCOC=2N=C(C=NC2C#N)NC(NC=3C=C(C(=CC3OCC1)OCC(CO)O)Cl)=O
750,C1(CCN(C=2C=CN=C3NN=CC23)CC1)(CC4=CC=C(C=C4)C(C)(C)C)N
751,C1CCC(C(=O)N(C2=CC=C3C(N=C(N3C)NC(C=4C=CC(=CC4)C#N)=O)=C2)C)CC1
752,S1C=2N(C(C=3C=C4N(C(=NC4=C(F)C3)N)CC(C)C)=C(N2)C5=CC=C(F)C=C5)C=C1
753,FC(F)(F)C1=CC(NC(=O)NC2=CC=C(C3=C4C(NN=C4C)=CC=C3)C=C2)=CC=C1
754,N1=C(C=2C(=CC=C(C=3C=C(C=NC3)OC[C@H](CC=4C=CC=CC4)N)C2)N1)C
755,C12=C(C(=O)NC1)C=CC=C2C=3C=C(C)C(NC(NC4=CC(C)=CC=C4)=O)=CC3
756,ClC1=CC=C(C(NC(=O)C2(N)CCN(CC2)C3=NC=NC=4NC=CC34)C5CC5)C=C1
757,FC(F)(F)C1=CC(NC(=O)NC2=CC=C(C3=C(N)C4=NC=CN=C4C=C3)C=C2)=CC=C1
758,S1C2=NC=NC(N)=C2C(C3=CC=C(NC(=O)NC4=CC(=C(C=C4)C)C)C=C3)=C1
759,S1C2=C(C(C3=CC=C(NC(=O)NC=4C(F)=CC=CC4)C=C3)=C1)C(=NC=C2C5=COC=C5)N
760,C(C=1C=CC(=CC1)NC2=NC(=NC=C2F)NC=3C=CC(=CC3)O)(=O)NC=4C(=CC=CC4)Cl
761,N1(C=2C(=CC=C(C2)C3=CC=NC=C3)C(C(=C1)C(=O)N)=O)C4=C(C=C(C=C4)O)Cl
762,S(=O)(=O)(N1C=2C(N=C1N)=CC=C(C=3N4C(SC=C4)=NC3C5=CC=C(F)C=C5)C2)C(C)C
763,S1C2=C(C=3C1=NC=NC3N)C4=C(CC2)C=C(NC(=O)NC=5C(=CC=CC5)C)C=C4
764,FC1=CC=C(C=2N=C3N(C2C4=NC(=NC=C4)NCC(CO)(C)C)C=CN=C3OCC(C)C)C=C1
765,C1(Br)=C(C2=C3C=CNC3=NC=C2)SC(C(N[C@H](CN)CC4=CC=NC=C4)=O)=C1
766,ClC1=CC(C=2N=C(ON2)C3=CC=C(NC4CC(CC4)C(O)=O)C=C3)=CC=C1OC(C)C
767,N1(CCN(C2=C(C(=CC(Cl)=C2)NCCN(C)C)C)CC1)C=3C=4C(=NNC4CC)N=CN3
768,FC1=C(C=C(NC(=O)NC=2C=CC(C=3C4=C(ON=C4N)C(OC)=CC3)=CC2)C=C1)C
769,S1C2=C(C(C3=CC=C(NC(=O)NC=4C(C(F)(F)F)=CC=CC4)C=C3)=C1)C(=NC=C2)N
770,BrC1=CC=C(C=2C3=C(SC2)C(=CN=C3N)C=CC(=O)NCCCN4C=NC=C4)C=C1
771,C1=C(C=CC(=C1)C(NC(=O)C2(N)CCN(CC2)C3=NC=NC4=C3C=CN4)C(N)=O)Cl
772,BrC1=CC(N2N=C(C(C=C3C(=O)N4C(=NC=5C4=CC=CC5)C(=C3C)C#N)=C2O)C)=CC=C1
773,O=N(=O)C=1C=C(C=CC1)C(NC=2N(C=3C(N2)=CC(OC(C(C)(C)C)=O)=CC3)CCCO)=O
774,O=C\1NC2=C(/C1=C/C=3NC=C(C3)C=4C=C(C=CC4)C)C=C(NC(=O)N)C=C2
775,O=C(C=1SC(=CC1)C=2C=CN=C(N2)NC)N[C@H](CN)CC=3C=CC(Cl)=CC3Cl
776,C1(=CC=C(C=C1)C2=CN=C3C(=N2)N(C(=N3)O)CCC4CCOCC4)C=5NN=CN5
777,FC=1C(C=2N=C3N(C2C4=NC(=NC=C4)NCC5(O)CC5)C=CN=C3C)=CC=C(F)C1
778,ClC1=CC=C([C@H](C(=O)N2CCN(C=3N=CN=C4C3[C@@H](C[C@H]4O)C)CC2)CN)C=C1
779,N=1C=C(N(=O)=O)C(NC2=CC=CC=C2C(N)=O)=NC1NC=3C=C(C(=C(C3)OC)OC)OC
780,C1(Br)=C(C=2C=3C=CNC3N=CC2)SC(C(N[C@H](CN)CC4=CC=CC=C4)=O)=C1
781,C1(Br)=C(C=2C=3C=CNC3N=CC2)SC(C(N[C@@H](CN)CC4=CC=CC=C4)=O)=C1
782,C1(CCN(C2=NC=NC=3NC=CC23)CC1)(C(NCC4=CC=C(C=C4)C(C)(C)C)=O)N
783,C1(=CN=C2C(=C1)N=C(N2C3=CC=C(C=C3)CNC(C=4C=CC=CC4)=O)C=5C=CC=NC5N)Br
784,FC=1C=C(C=2C=C(NC2)/C=C\3/C4=C(NC3=O)C=CC(NC(=O)N)=C4)C=CC1
786,N=1C(=C2C(NCCC(C3=CC=C(NC(NC4=CC=CC(=C4)C(F)(F)F)=O)C=C3)=N2)=NC1)N
787,O1N=C(N2N=NC(=C2C(=O)NN=C(C3=C(O)C=C(O)C=C3)C)COC)C(=N1)N
788,C1=NC=C(C2=CC=C(C=C2)NC(=O)NC3=CC=CC(=C3)C)C=4C(=NN(C41)C)N
790,S1C2=C3C(C(=O)NC3=CC=C2N=C1)=CNC4=CC=C(S(=O)(=O)NC=5N=CC=CC5)C=C4
791,FC=1C(C=2N=C3N(C2C4=NC(=NC=C4)NCC(C(=O)O)(C)C)C=CN=C3C)=CC=C(F)C1
792,FC(F)(F)C1=CC(NC(=O)NC2=CC=C(C=3C=C4NN=C(N)C4=CC3)C=C2)=CC=C1
793,S1C=2N(C(=N)C(C(C2C(=O)N)C=3SC=CC3)C(OCC)=O)C(=O)C1=CC=4SC=CC4
794,C1(CCN(C2=NC=NC=3NC=CC23)CC1)(C(NCC4=CC=C(C=C4)C(F)(F)F)=O)N
795,C1=CC=C(C=2C(=NOC21)N)C3=CC=C(C=C3)NC(NC4=CC=C(C(=C4)Cl)OC)=O
796,C1(Br)=C(C=2C=3C=CNC3N=CC2)SC(C(N[C@H](CN)CC4CCCCC4)=O)=C1
797,N1(CCN(C2=C(C(NCCN(C)C)=CC(Cl)=C2)C)CC1)C=3C4=C(NN=C4C(F)(F)F)N=CN3
798,C1=C(C(C#N)=C(N=C1NC(CC2=CC(=C(C=C2OC)S(=O)(=O)C)OC)=O)OC(C)C)N
799,S1C2=C(C(C3=CC=C(NC(=O)NC=4C=C(F)C=CC4)C=C3)=C1)C(=NC=C2C5=COC=C5)N
800,FC1=C2OCCC(N3C4=NC(N5C=6C(N=C5)=CC=C(F)C6)=NC=C4N=C3O)C2=CC=C1
801,FC1=CC(NC(=O)NC2=CC=C(NC(=O)C3=C4N(N=CN=C4N)C=C3)C=C2)=CC=C1
802,O(C1=CC(C=2N=C(N3C(=NC=C3)C2)NC4=C(C(=O)N)C=CC=C4)=CC=C1OC)C
803,O=C(N)C1=C2N=C(NC2=CC=C1)C3=NC(NCCCN4CCN(CC4)C)=CC=C3
804,C=1C=C(N=CC1)C=2N=C(C3=CC=C(C=C3)C(N)=O)NC2C4=CC5=C(C=C4)OCCO5
805,C1=C(C=2C=CC=CC2)C(=NC=3C1=CN=C(SC)N3)C=4C=CC(=CC4)CN5CCC(CC5)C(=O)N
806,N1(C=2C3=C(NN=C3Br)N=CN2)CCN(C4=C(C(=CC(Cl)=C4)NCCN(C)C)C)CC1
807,FC1=CC=C(C=2N=C3N(C2C=4N=C(N=CC4)NCC(CO)(C)C)C=CN=C3CC5CC5)C=C1
808,C=1(C(=CC2=NC=NC(=C2C1)NC3=CC=C(C=C3)NC(C=4C=CC=CC4)=O)OC)OC
809,O=C(N1N=C(N)C=2C1=CC=C(C2)C=3N=NN(C3)CC4=CC=CC=C4)C5CCN(CC5)C
810,C1=C(C=CC(=C1)C(NC(=O)C2(N)CCN(CC2)C3=NC=NC4=C3C=CN4)CCOC)Cl
811,C1=C(C=2C=CC=CC2)C(=NC=3C1=CN=C(N3)SC)C=4C=CC(=CC4)CNCCC5=CNC=N5
812,FC1=CC=C(C=2N=C3N(C2C=4N=C(N=CC4)NCC(CO)(C)C)C=CN=C3OCC(F)(F)F)C=C1
813,C1(CCN(C2=NC=NC=3NC=CC23)CC1)(C(NCC4=CC=C(C=C4)OC(F)(F)F)=O)N
814,ClC=1C(CNC2C(=NC3=CC4=C(N(N=C4)C(OC(C)(C)C)=O)C=C3)C(=O)C2=O)=CC=C(Cl)C1
815,FC1=CC=C(C=2N=C3N(C2C=4N=C(N=CC4)NCC(COC)(C)C)C=CN=C3C)C=C1
816,ClC1=NC=CN2C(=C(N=C21)C3=CC=C(F)C=C3)C=4N=C(N=CC4)NCC(CO)(C)C
817,C1(NC(N)=O)=CC=C2NC(/C(/C2=C1)=C\C=3NC=C(C3C)CCC(O)=O)=O
818,C1(=C(C=CC(=C1)C(NC(=O)C2(N)CCN(CC2)C3=NC=NC4=C3C=CN4)C)OC)OC
819,C=1C=2N=CN(C2C=C(OC)C1OC)C3=CC(OCC4=CC=CC=C4C(F)(F)F)=C(S3)C(=O)O
820,ClC1=CC(C(=O)C2=CC(C3=CC(OCC(N)CC=4C5=C(NC4)C=CC=C5)=CN=C3)=CC=C2N)=CC=C1
821,C=1C(=C(C=CC1C[C@@H](N)C(N2CCN(CC2)C=3C4=C(N=CN3)C=CC=C4)=O)F)F
822,C(C=1C=CC=NC1NC=2N3C(C=C(N2)C=4C=C(C(=CC4)OC)OC)=NC=C3)(=O)N
823,O(C[C@@H](N)CC=1C=2C(NC1)=CC=CC2)C3=CC(C4=CC=5C(C=C4)=CN=CC5)=C(N=C3)C#C
824,S1C2=NC=NC(N)=C2C(C(=O)NC3=CC=C(NC(=O)NC4=CC(=CC=C4)C)C=C3)=C1
825,FC1=CC=C(C=2N=C3OC=CN3C2C=4N=C(N=CC4)NC5CCN(CC5)C(=O)C)C=C1
826,S1C2=C(C3=C1N=CN=C3N)C4=C(CC2)C=C(NC(=O)NC5=CC=CC=C5)C=C4
827,O(C1=CC(C=2C3=C(N(C4CC(C4)CN5CCCC5)C2)N=CN=C3N)=CC=C1)CC6=CC=CC=C6
829,C1(NC(N)=O)=CC=C2NC(/C(/C2=C1)=C(/C)\C=3NC=C(C3)CNC(C)=O)=O
830,FC=1C(C=2N=C3N(C2C4=NC(=NC=C4)NCC(CO)(C)C)C=CN=C3OC(C)C)=CC=C(F)C1
831,C1(OC[C@H]2CNCCC2)=CN=C(C=3N=C(N(CC)C31)C=4C(N)=NON4)C#CC(O)(C)C
832,C=1(C(N)=NON1)C2=NC3=C(C#CC(O)(C)C)N=CC(=C3N2CC)OC[C@@H]4CNCCC4
833,C1=C(C=2C=CC=CC2)C(=NC=3C1=CN=C(N3)SC)C=4C=CC(=CC4)CNCCC5=NNC=N5
834,C1(Br)=C(C=2C=3C=CNC3N=CC2)SC(=C1)C(N[C@H](CN)CC4=CC=CC(=C4)F)=O
835,C=1(C(F)(F)F)C(=CC=C(NC(NC2=CC=C(OC=3C=C(C(=O)NC)N=CC3)C=C2)=O)C1)Cl
836,C=1C=C(C=CC1C[C@@H](N)C(N2CCN(CC2)C=3C4=C(N=CN3)C=CC=C4)=O)C#N
837,ClC1=CC(N2N=C(C(C=C3C(=O)N4C(=NC=5C4=CC=CC5)C(=C3C)C#N)=C2O)C)=CC=C1Cl
838,C1=CC=CC=2NC=C(C21)C[C@@H](COC=3C=NC=C(C3)C=4C=CC5=C(C4)C=CN=C5)N
839,C1=C(C=CC(=C1)C(NC(=O)C2(N)CCN(CC2)C3=NC=NC4=C3C=CN4)CCCO)Cl
840,FC=1C(C=2N=C3N(C2C4=NC(=NC=C4)NCC(O)(C)C)C=CN=C3CC)=CC=C(F)C1
841,ClC1=CC(NC(=O)NC2=CC=C(C=3C4=C(SC3)C(=CN=C4N)C(=O)NC)C=C2)=CC=C1
842,ClC=1N=CC(OC[C@@H](N)CC=2C=3C(NC2)=CC=CC3)=CC1C4=CC=5C(C=C4)=CN=CC5
843,S1N=CC2=C(C3=CC=C(NC(=O)NC=4C=C(C(F)(F)F)C(F)=CC4)C=C3)C=CC=C12
844,C1=C(C=CC(=C1)C(NC(=O)C2(N)CCN(CC2)C3=NC=NC4=C3C=CN4)CCO)Cl
845,C1=C(C=CC(=C1)[C@@H](NC(=O)C2(N)CCN(CC2)C3=NC=NC4=C3C=CN4)CCO)Cl
846,FC1=C(C=C(NC(=O)CC2=CC=C(C3=C4C(NN=C4N)=CC=C3)C=C2)C=C1)C
847,O=C1N(N=C(C1=NNC2=C3C(C(=O)NNC3=O)=CC=C2)C4=CC=CC=C4)C5=CC=CC=C5
848,C=1C(=C(C(=C(F)C1)Cl)C(OC2=CC(=CN=C2N)C3=CN(N=C3)C4CCNCC4)C)Cl
849,N=1C2=C(C=C(C1)C3=CSC(=C3)C(=O)NCC(C)C)N=C(N2)C=4C=CC(=CC4)OC
851,ClC1=CC=C(C=2C(O)=C(C=C(NC3=NC(=NC=N3)N)C2)CNC(=O)C(F)(F)F)C=C1
853,S1C2=NC=NC(N)=C2C(C(=O)NC=3C=CC(NC(=O)NC=4C=C(C=C(C4)C)C)=CC3)=C1
854,O1C=2C(NC1=O)=CC=C(C2)C3=CC(OCC(N)CC=4C=5C(NC4)=CC=CC5)=CN=C3
855,O=C1N(C(N=C(C1C2=CC(=CC=C2)C)C=3C=CN=CC3)=NCC(N)CC4=CC=CC=C4)C
856,C=1C(=C(C=CC1C[C@@H](N)C(N2CCN(CC2)C=3C4=C(N=CN3)C=CC=C4)=O)Cl)Cl
857,C=1(C=C(C=CC1C[C@@H](N)C(N2CCN(CC2)C=3C4=C(N=CN3)C=CC=C4)=O)Cl)Cl
858,O=C1N(C(N=C(C1C2=CC3=C(C=C2)C=CC=C3)C=4C=CN=CC4)=NCC(N)CC5=CC=CC=C5)C
859,O(C=1C=C(C=2C=C3C(NC(=O)C3)=CC2)C=NC1)CC(N)CC=4C=5C(NC4)=CC=CC5
860,N12C=3C=4N(C=5C=CC=CC5C4C6=C(C3C7=C1C=CC=C7)C(NC6=O)=O)C8OC2CC8
861,FC=1C(C=2N=C3N(C2C4=NC(=NC=C4)NCC(O)(C)C)C=CN=C3OC(C)C)=CC=C(F)C1
862,O1N=C(C=C1NC=2N=C(NC=3C=C(OC)C(OC)=C(OC)C3)N=CC2)C4CCCCC4
863,FC=1C=C(NC(=O)NC=2C=CC(C=3C4=C(ON=C4N)C(OC)=CC3)=CC2)C=C(F)C1
865,S1C2=NC=NC(N)=C2C(C(=O)NC3=CC=C(NC(=O)NC4=CC=C(C=C4)C)C=C3)=C1
866,FC=1C(C(=O)N2CCN(C=3N=CC=CN3)CC2)=CC(CC4=NNC(=O)C5C4CCC=C5)=CC1
867,C1(=C(C2=CNC3=C2C=CC=C3)C(=O)NC1=O)C4=NC(N5CCN(CC5)C)=NC=6C4=CC=CC6
868,FC1=CC=C(C(NC(=O)C2(N)CCN(CC2)C3=NC=NC=4NC=CC34)C)C=C1
869,C1(CCN(CC1)C2=NC=NC=3NC=CC23)(C(NCC4=CC=C(C(=C4)Cl)Cl)=O)N
870,C1(Br)=C(C=2C=3C=CNC3N=CC2)SC(=C1)C(N[C@H](CN)CC4=CC=C(C=C4)OC)=O
871,CCN1C(=NC=2C(=NC(OC[C@H](N)C3=CC=CC=C3)=CC12)C#CC(C)(C)O)C4=NON=C4N
872,CCN1C(=NC=2C(=NC(OC[C@@H](N)C3=CC=CC=C3)=CC12)C#CC(C)(C)O)C4=NON=C4N
873,ClC=1N=C(N=C(NC=2C=C(F)C(OC=3C4=C(NC=C4C)N=CC3)=C(F)C2)C1)N
874,O(C(=O)C=1C(=C2N(N=CN=C2N)C1C)C3=CC=C(NC(=O)NC4=CC=CC=C4)C=C3)C
875,C=1C(=CC(=CC1C[C@@H](N)C(N2CCN(CC2)C=3C4=C(N=CN3)C=CC=C4)=O)F)F
876,C=1C(NC(=O)NC=2C=C(C=C(C)C2)C)=CC=C(C=3C=4C(SC3C)=NC=NC4N)C1
877,O=C(N)C=1N=C2N(C1C3=NC(=NC=C3)NC4=CC(N5CCN(CC5)C)=CC=C4)C=CC=C2
878,N=1C2=C(C=C(C1)C3=CSC(=C3)C(=O)NCC(C)(C)C)N=C(N2)C=4C=CC(=CC4)OC
879,O=C\1NC2=C(/C1=C/C=3NC(=C(C3C)CCC(O)=O)C)C=C(NC(=O)N)C=C2
880,O1C(=NC=2C1=CC=CC2)NC3=CC=C(C=4C=5C(=C(O)NC5)C=C(OCCCN)C4)C=C3
882,FC=1C=C(C(=O)NC=2NN=C3C2C=C(C=4N=NN(C4)CC5=CC=CC=C5)C=C3)C=CC1
883,N=1C2=C(C=C(C1)C3=CSC(=C3)C(=O)NCCC(C)C)N=C(N2)C=4C=CC(=CC4)OC
884,FC=1C(NC=2OC=3C(N2)=CC(=CC3C)C)=CC=C(C=4C(N)=C(C=CC4)C(=O)N)C1
885,C1(CCN(CC1)C2=NC=NC=3NC=CC23)(C(NCC4=C(C=C(C=C4)Cl)Cl)=O)N
886,S1C(C=2C=C3C(NN=C3C)=CC2)=C(C=C1C(=O)NC(C4=CC(OC)=CC=C4)C)C
887,FC=1C(C=2N=C3N(C2C4=NC(=NC=C4)NCC(CO)(C)C)C=CN=C3OC)=CC=C(F)C1
888,O=C(O)C=1N(C=2C(C1C=3C(=CC=CC3)C)=CC=CC2)CCCOC=4C=5C(C=CC4)=CC=CC5
889,OC(=O)C=1NC2=C(C1CCCOC=3C(=C(C=C(C3)C)C)C)C=CC=C2C4=C(C=CC=C4)C
890,S1C=2C(C(C3=CC=C(NC(=O)NC4=CC(=CC=C4)C)C=C3)=C1)=C(N=CC2C#CCN)N
891,O(C[C@@H](N)CC=1C=2C(NC1)=CC=CC2)C=3C=C(C=NC3)/C=C/C4=CC=NC=C4
892,C1CCC(CC1)C(=O)N(C2=CC=C3N(C(=NC3=C2)NC(C=4C=CC(=CC4)C#N)=O)CCCC)C
893,FC=1C(C=2N=C3N(C2C=4N=C(N=CC4)NCC(O)(C)C)C=CN=C3CC5CC5)=CC=C(F)C1
894,N1(C(=NC(=C1C=2C=CN=C(N2)NC3CCCCC3)C4=CC(=C(C=C4)Cl)Cl)C5CCNCC5)CCC
895,C1(NC(N)=O)=CC=C2NC(/C(/C2=C1)=C(/C)\C=3NC=C(C3)CNC(=O)CO)=O
896,C12=C(N=C(N=C1NC=3C=C(Cl)C=CC3)N[C@H]4[C@@H](N)CCCC4)N(CC)C=N2
897,FC1=CC=C(C=2N=C3N(C2C=4N=C(N=CC4)NCC(CO)(C)C)C=CN=C3CCN)C=C1
898,C1(CCC1)(C2=CC=C(C=C2)C3=C(C=C4C(=N3)C=CN5C(=NN=C45)O)C6=CC=CC=C6)N
899,BrC=1C(COC=2C=C(NC3=NC=NC4=NC(=CC=C34)C)C(SC5=CC=C(O)C=C5)=CC2)=CC=CC1
900,FC1=CC=C(C=2N=C3N(C2C4=NC(=NC=C4)NCC(CO)(C)C)C=CN=C3OC)C=C1
901,ClC=1C=C2OC(=NC2=CC1)NC3=CC=C(C=4C=5C(=C(O)NC5)C=C(OCCCN)C4)C=C3
902,CCC=1C2=C(NC1)N=CN=C2N3C[C@](CC3)(CNC(=O)C=4C=CC(=CC4F)F)N
903,C1(Br)=C(C=2C=3C=CNC3N=CC2)SC(=C1)C(N[C@H](CN)CC4=CC=C(C=C4)F)=O
904,O=C\1NC2=C(/C1=C/C=3NC=C(C3)C=4C=C(C=CC4)CN)C=C(NC(=O)N)C=C2
905,O=C\1NC2=C(/C1=C(/C=3NC=C(C3)CNC(=O)CN)\C)C=C(NC(=O)N)C=C2
906,FC(F)(F)OC1=CC(CC(N)COC2=CC(C=3C=C4C(NN=C4C)=CC3)=CN=C2)=CC=C1
907,S1C=2N(C(=C(N2)C3=CC=C(F)C=C3)C=4C=C5N(C(=NC5=CC4)N)CC6CC6)C=C1
908,O=C(NC=1C=C(C=NC1)C=CC2=CC=NC=C2)C(N)CC=3C=4C(C=CC3)=CC=CC4
909,FC=1C(C=2N=C3N(C2C4=NC(=NC=C4)NCC(CO)(C)C)C=CN=C3C)=CC=C(F)C1
910,S1C2=C(C=3C1=NC=NC3N)C4=C(CC2)C=C(NC(=O)NC5=CC(=CC(=C5)C)C)C=C4
911,O=C1C2=C(N(C=3C(=CC(O)=CC3)C)C=C1C(=O)NN)C=C(C=C2)C4=CC=NC=C4
912,S1C2=NC=NC(N)=C2C(C(=O)NC=3C=CC(NC(=O)NC4=C(C=CC=C4)C)=CC3)=C1
913,S(C1=NC2=C(N1)C=CC=C2)C=3OC(=CC3)C=NNC(=O)C4=CC(N(=O)=O)=CC=C4
914,C1(=CC=C(C=2C(=NOC21)N)C=3C=CC(=CC3)NC(NC=4C=C(C=CC4)Br)=O)OC
915,S1C=2N=CN=C(N)C2C(C3=CC=C(NC(=O)NC4=CC(C(F)(F)F)=CC=C4F)C=C3)=C1
916,ClC=1C(NC=2C(S(=O)(=O)NC)=CC=CC2)=NC(NC3=CC(OC)=C(OC)C(OC)=C3)=NC1
917,C1(C2=NC3=CC=C(N4CCN(CC4)C)C=C3N2)=C(C5=C(C=CC=C5F)NC1=O)N
918,OC1(CC(C=2N3C(=C(N2)C4=CC5=NC(=CC=C5C=C4)C=6C=CC=CC6)C(=NC=C3)N)C1)C
919,C1(CCN(CC1)C2=NC=NC=3NC=CC23)(C(NCC4=C(C=C(C=C4)Cl)F)=O)N
920,O1C(C2=NC=3C(N=C2C=4OC=CC4)=CC=C(NC(=O)N(C(C)C)C(C)C)C3)=CC=C1
921,C1(Br)=C(C=2C=3C=CNC3N=CC2)SC(=C1)C(N[C@H](CN)CC4=CC=CC=C4F)=O
922,C=1(N=C2C(=C(N1)O)C(=NN2C=3C(=CC=CC3Cl)Cl)C(C)C)CC4=CC=C(C=C4)OCCO
923,O=C\1NC2=C(/C1=C/C=3NC=C(C3)C4=CC(OC)=CC=C4)C=C(NC(=O)N)C=C2
924,C12=C(C3=CN(CCOCCOCCOCCN4C=C1C5=C4N=CC=C5)C6=C3C=CC=N6)C(=O)NC2=O
925,ClC=1C=C(C=CC1)NC2=C3N=CN(C3=NC(=N2)N[C@H](C(C)C)CO)C(C)C
926,O=C\1NC2=C(/C1=C/C=3NC=C(C3)C4=CC(O)=CC=C4)C=C(NC(=O)N)C=C2
928,C1=CN=C2C(=C1)N=C(N2C3=CC=C(C=C3)CC(NC4=CC=CC=C4)=O)C5=CC=CN=C5N
930,C1=CN=C2C(=C1)N=C(N2C3=CC=C(C=C3)CNC(C=4C=CC=CC4)=O)C5=CC=CN=C5N
931,C1=C(C=CC(=C1)[C@@H](NC(=O)C2(N)CCN(CC2)C3=NC=NC4=C3C=CN4)C)Cl
932,C1=C(C=CC(=C1)C(NC(=O)C2(N)CCN(CC2)C3=NC=NC4=C3C=CN4)C)Cl
933,C1=C(C=CC(=C1)[C@H](NC(=O)C2(N)CCN(CC2)C3=NC=NC4=C3C=CN4)C)Cl
934,O=C(NC=1C=C(C=CC1)NC2=NC=CC(=N2)NC3=CC(C(F)(F)F)=CC=C3)C4CC4
935,C1(=CC=C2NC(/C(/C2=C1)=C\C=3NC=C(C3)C(NCCN(C)C)=O)=O)NC(N)=O
936,S1C=2C(C(C3=CC=C(N)C=C3)=C1)=C(N=CC2C=CC4=NC=5C(N4)=CC=CC5)N
937,N=1C(=C2C(NCCC(C=3C=CC(NC(NC4=CC(=CC=C4F)C(F)(F)F)=O)=CC3)=N2)=NC1)N
938,C=1C=CC=2N/C(/C(=N/OCCC(CO)O)/C2C1)=C\3/C4=C(C=CC=C4)NC3=O
939,S1C=C(C2=NNC3=C2CC=4C3=CC=C(C4)CN5CCN(CC5)C)C=C1C#CCOCC6CC6
940,C1(C2=NNC(=C2C3=NC=NC=C3)C4=C(C=C(C=C4)Cl)F)CCN(C(C=O)O)CC1
941,FC(F)(F)C1=CC(NC(=O)NC2=CC=C(OC=3C=C(N=CC3)C(=O)NC)C=C2)=CC=C1
942,O1N=C(N2N=NC(=C2N3CCCC3)C(=O)NN=CC4=C(OCC)C=CC=C4)C(=N1)N
943,FC=1C(C=2N=C3N(C2C4=NC(=NC=C4)NCC(CO)(C)C)C=C(N=C3C)C)=CC=C(F)C1
944,C=1(C=CC2=C(C1)/C(/C(N2)=O)=C/C=3NC(=C(C3C)C(NCCN(CC)CC)=O)C)F
945,FC1=CC=2C(C(=O)NC2C=C1)=CC=3NC(=C(C3C)C(=O)NCCN(CC)CC)C
946,C=1(C)C=CC(C(=O)NC=2C=CON2)=CC1NC3=C4C=NN(C4=NC=N3)C5=CC=CC=C5
947,S1C=2N(C(=C(N2)C3=CC=C(F)C=C3)C=4C=C5N(C(=NC5=CC4)N)CC(C)C)C=C1
948,CCN1C(=NC=2C(=NC(O[C@@H](CN)C3=CC=CC=C3)=CC12)C#CC(C)(C)O)C4=NON=C4N
949,ClC1=CC=C(C(NC(=O)C2(N)CCN(CC2)C3=NC=NC=4NC=CC34)CCN(C)C)C=C1
950,O=C1C(=NC=2N=C(NC3=CC(OC)=C(OC)C=C3)N=CC2)C(NC(C(C)(C)C)C)C1=O
951,C1COCCN1C2=CC(OC)=C(C=C2)NC=3N=C(C(=CN3)Cl)NC=4C=CC=CC4C(=O)NC
952,S(=O)(=O)(C1=CC=C(C(NC(=O)C2(N)CCN(CC2)C3=NC=NC=4NC=CC34)C)C=C1)C
953,N=1C=NC(=C2C1C=CC=C2)NCC=3C=CC(C(N4CCN(CC4)C5=NC=C(C=N5)CC)=O)=CC3
954,C=1(SC)NC(=C(N1)C2=CC=C(C=C2)F)C=3C=C(N=CC3)NC(C4=CC=CC=C4)C
955,S1C=2N=CN=C(N)C2C(C(=O)NC3=CC=C(NC(=O)NC4=CC=CC=C4)C=C3)=C1
956,FC(F)(F)C1=CC(NC(=O)NC2=CC=C(C3=C4C(N(N=C4N)C)=CN=C3)C=C2)=CC=C1
957,ClC1=CC=C([C@H](C(=O)N2CCN(CC2)C=3N=CN=C4C3[C@@H](CC4)CF)CNC(C)C)C=C1
958,FC=1C(NC(=O)NC2=CC=C(C3=C4C(NN=C4N)=CC=C3)C=C2)=CC(=CC1)C(=O)O
959,C1=C(C=2C=CC=CC2)C(C=3C=CC(=CC3)CNCCCN4CCN(CC4)C)=NC=5C1=CN=C(SC)N5
960,FC(F)(F)C1=CC(NC(=O)NC2=CC=C(C3=NC4=C(NCC3)N=CN=C4NC)C=C2)=CC=C1
961,S1C(C2=CC=C(N3N=CC=C3)C=C2)=C(N=C1NC(=O)NCCC(=O)NC4=NOC(=C4)C)C
962,FC=1C(N2CC3C(C3N)C2)=NC=4N(C=5C(F)=CC(F)=CC5)C=C(C(=O)C4C1)C(=O)O
963,FC(F)(F)C=1C(C=2C3=C(C(=O)NC3)C=CC2)=CC=C(NC(=O)NC4=CC(=CC(=C4)C)C)C1
964,N1(CCN(CC=2C=C3C(C4=C(C(=NN4)C5=CSC(=C5)C#CCOCCOC)C3=O)=CC2)CC1)C
965,S1C2=C(C=3C1=NC=NC3N)C4=C(CC2)C=C(NC(=O)NC5=CC(=CC=C5)CC)C=C4
966,C1(C2=CN(CCCN3C=NC=C3)C4=C2C=CC=C4)C(C(=O)NC1=O)=NC5=CC=CC=C5
967,C=1C=C(C=CC1C[C@@H](N)C(N2CCN(CC2)C=3C4=C(N=CN3)C=CC=C4)=O)C(F)(F)F
968,O=C1C2=C(N(C3=C(C=C(O)C=C3)C)C=C1C(OCC)=O)C=C(C=C2)C=4C=CN=CC4
969,O=C1N2C(=NC=3C2=CC=CC3)C(=C(C1=CC4=C(O)N(N=C4C)C5=CC=CC=C5)C)C#N
970,O(C=1C=2N(C(=NC2C(=NC1)C#CC(O)(C)C)C3=NON=C3N)CC)CCCNC[C@H](O)CO
971,O=C(N1CC=C(C=2C3=C(NC2)N=CC=C3)CC1)NC(C4=CC(OC)=CC=C4)C
972,N1=CN=C2SC3=C(C2=C1N)C=4C(=CC(=CC4)NC(NC5=CC=CC(=C5)C)=O)CC3
973,N1(C=2C(=CC=C(C2)C3=CC=NC=C3)C(C(=C1)C(=O)N)=O)C4=C(C=C(C=C4)O)C
974,CCN(CC)CCNC(=O)C=1C(C)=C(NC1C)/C=C\2/C=3C=C(Cl)C=CC3NC2=O
975,ClC=1C(=CC(OCC2CC(CC2)C(O)=O)=C(NC(=O)NC=3N=CC(=NC3)C#N)C1)C
976,C=1(C=CC(=CC1)NC2=NC3=C(C(=N2)OCC4CCCCC4)N=CN3)C(=O)N(CC)CC
977,C1=C(C(NC=2C(=CC=CC2Cl)C)=O)SC(NC3=CC(=NC(C)=N3)N4CCN(CCO)CC4)=N1
978,CC1=NNC2=CC=C(C=C12)C=3C=NC=C(OC[C@@H](N)CC4=CNC5=CC=CC=C45)C3
979,C1=C(C=2C=CC=CC2)C(=NC=3C1=CN=C(SC)N3)C=4C=CC(=CC4)CNCCC=5C=NC=CC5
980,S1C=2C(C(C=3C=C4C(NC(=C4)C)=CC3)=C1)=C(N=CC2C=5C=C(S(=O)(=O)C)C=CC5)N
981,O(C=1C=C2C3=NNC(=C3CC2=CC1)C4=CN=C(C=C4)C#N)CCCN5CCN(C(=O)NC)CC5
982,C1=NC=C(C2=CC=C(NC(=O)NC3=CC(=CC=C3F)C)C=C2)C=4C(=NN(C41)C)N
983,ClC1=CC=C([C@H](C(=O)N2CCN(CC2)C=3N=CN=C4C3[C@@H](CC4)C)CNC(C)C)C=C1
984,C1(=CC=C2NC(/C(/C2=C1)=C\C=3NC=C(C3)C4=CC(=CC=C4)C(=O)O)=O)NC(N)=O
985,C(C1=CC(NC2=NC=NC(=C2)NC=3C=C(NC(C4CC4)=O)C=CC3)=CC=C1)(F)(F)F
986,FC=1C(C=2N=C3N(C2C4=NC(=NC=C4)NCCC(O)(C)C)C=CN=C3C)=CC=C(F)C1
987,FC1=CC=C(C=2N=C3N(C2C4=NC(=NC=C4)NCC(CO)(C)C)C=CN=C3NC)C=C1
988,O=C(O)C=1NC=2C(C3=C(N(N=C3C)C)C)=CC=CC2C1CCCOC=4C=5C(C=CC4)=CC=CC5
989,C1(=NN=C(S1)N)CCNCC=2C=CC(=CC2)C=3C(C4=CC=CC=C4)=CC=5C(N3)=NC(=NC5)SC
990,C1=C(C=CC(=C1)C(NC(=O)C2(N)CCN(CC2)C3=NC=NC4=C3C=CN4)CC)Cl
991,C1=C(C=2C=CC=CC2)C(=NC=3C1=CN=C(N3)SC)C=4C=CC(=CC4)CNCCC=5SC=CN5
992,O=C(NC=1NN=C2C1C=C(C=3N=NN(C3)CC4=CC=CC=C4)C=C2)C=5C=C(OC)C(OC)=CC5
993,C1=C(C=2C=CC=CC2)C(=NC=3C1=CN=C(N3)SC)C=4C=CC(=CC4)CNCCC(N)=O
994,FC1=CC=C(C=2N=C3N(C2C=4N=C(N=CC4)NCC(CN(C)C)(C)C)C=CN=C3)C=C1
995,C1=C(C=2C=CC=CC2)C(=NC=3C1=CN=C(SC)N3)C=4C=CC(=CC4)CNCCCN5C=NC=C5
996,O=C(NC=1NN=C2C1C=C(C=3N=NN(C3C4=CC=CC=C4)CC5=CC=CC=C5)C=C2)CCC
997,O=C(NC(C1=CC(OC)=CC=C1)C)C2=C(NCCCN)C=C(C=3C=CN=CC3)C=C2
998,C1=C(C=CC(=C1)C(NC(=O)C2(N)CCN(CC2)C3=NC=NC4=C3C=CN4)CO)Cl
999,S(=O)(=O)(N)C1=CC(NC=2N=C(NC3=CC=C(OCC(=O)N)C=C3)C(=CN2)C)=CC=C1
1000,N1=CN=C2ON=C(C2=C1N)C3=CC=C(NC(NC4=CC(=CC=C4)C(F)(F)F)=O)C=C3
1001,C=1C(=CC(OC)=CC1C[C@@H](N)C(N2CCN(CC2)C=3C4=C(N=CN3)C=CC=C4)=O)OC
1002,C=1(C=C2/C(/C(NC2=CC1)=O)=C(\C)/C=3NC=C(C3)CNC(C4CCN(CC4)C)=O)NC(=O)N
1003,O=C(NCC=1C=C(NC1)/C(=C\2/C3=C(NC2=O)C=CC(NC(=O)N)=C3)/C)C4CCNCC4
1004,ClC1=CC=C([C@@H](CNCC2CC2)C(=O)N3CCN(CC3)C=4N=CN=C5C4[C@@H](C[C@H]5O)C)C=C1
1005,O(C1=CC(C=2C=3C(N(C2C)C4CCC(N5CCCC5)CC4)=NC=NC3N)=CC=C1)CC6=CC=CC=C6
1006,C=1(C(N(C)C(=C(C1)C=2C=CC(OC(F)(F)F)=CC2)COC(C=3N(C=NC3)C)C=4C=CC(C#N)=CC4)=O)C#N
1007,C1=C(C=C(C(=O)N2CCN(CC2)C=3N=CC(CC4=CC=CC=C4)=CN3)C=C1)NC=5N=CN=C6C5C=CC=C6
1008,C1(=CC=C2NC(/C(/C2=C1)=C\C=3NC=C(C3)C(N4CCC(C4)N(C)C)=O)=O)NC(N)=O
1009,C=1(N=C(NN1)C)CCNCC=2C=CC(=CC2)C=3C(=CC=4C(N3)=NC(SC)=NC4)C5=CC=CC=C5
1010,O=C(NC=1N(N=C(C1)C(C)(C)C)C=2C=C(C=CC2)C(=O)NCC#N)NC=3C=4C(C=CC3)=CC=CC4
1011,C=1(N=CN=C2[C@@H](C[C@H](C21)C)O)N3CCN(C(=O)[C@H](CNC(C)C)C=4C=CC(=C(C4)F)Cl)CC3
1012,C1(C[C@H](N)COC=2C(=NC(=C(C2)C3=NC=4C(N=C3)=NNC4C)C=5C=COC5)NCC)=CC=CC=C1
1014,FC1(F)C[C@H](C=2C(=NC=NC21)N3CCN(CC3)C(=O)[C@H](CNC(C)C)C4=CC=C(C=C4)Cl)C
1015,O(C1=CC=C(C=2C=3C(N(C2)C4CCC(N5CCN(CC5)C)CC4)=NC=NC3N)C=C1)C6=CC=CC=C6
1016,ClC1=CC=C([C@H](C(=O)N2CCN(C=3N=CN=C4C3[C@@H](C[C@@H]4O)C)CC2)CNC(C)C)C=C1
1017,ClC1=CC=C([C@H](C(=O)N2CCN(C=3N=CN=C4C3[C@@H](C[C@H]4O)C)CC2)CNC(C)C)C=C1
1018,O(C1=CC(C=2C=3C(N(C2C)C4CC(C4)CN5CCCC5)=NC=NC3N)=CC=C1)CC6=CC=CC=C6
1019,O(C=1C=C(C2=NC(NC=3C=C4C(NN=C4)=CC3)=C5C(=N2)C=CC=C5)C=CC1)CC(=O)NC(C)C
1020,FC(F)(F)C1=CC=C([C@H](C(=O)N2CCN(C=3N=CN=C4C3[C@@H](C[C@H]4O)C)CC2)CN)C=C1
1021,C1=C(C=2C=CC=CC2)C(C=3C=CC(=CC3)CN4CCC(CC4)NC(NCC)=O)=NC=5C1=CN=C(SC)N5
1022,S1C2=C(C(C3=CC=C(NC(=O)NC=4C=C(C=CC4)C)C=C3)=C1)C(=NC=C2C#CC(N)(CC)CC)N
1023,C=1C2=C(C(=CN2)C[C@@H](COC=3C=NC(=C(C3)C4=NC=5C(N=C4)=NNC5C)C=6C=COC6)N)C=CC1
1024,C=1(N=CN=C2[C@@H](C[C@H](C21)C)O)N3CCN(C(=O)[C@H](CNCCOC)C=4C=CC(=CC4)Cl)CC3
1025,C12=C(C3=CN(CCOCCOCCOCCOCCN4C=C1C5=C4N=CC=C5)C6=C3C=CC=N6)C(=O)NC2=O
1026,S(=O)(=O)(NCCCN)C=1C=C(C(O)=NC2=CC=C(C3=NN=C(O)C=4C3=CC=CC4)C=C2)C=CC1
1027,C1=CC(Cl)=CC=C1[C@H](C(N2CCN(CC2)C=3N=CN=C4[C@H](O)C[C@@H](C)C34)=O)CNC(CO)(C)C
1028,FC=1C(C(=O)C=2C(N)=CC=C(C2)C3=CC(OCC(N)CC=4C=5C(NC4)=CC=CC5)=CN=C3)=CC=CC1
1029,C1=C(C=2C=CC=CC2)C(C=3C=CC(=CC3)CN4CCC(CC4)C5=NN=C(S5)N)=NC=6C1=CN=C(SC)N6
1030,C=1C(=CN=C(C1)NCCNC2=NC(=C(C=N2)C=3NC=C(N3)C)C4=C(C=C(C=C4)Cl)Cl)C#N
1031,O=C\1NC2=C(/C1=C(/C=3NC=C(C3)CNC(=O)C4=CC=NC=C4)\C)C=C(NC(=O)N)C=C2
1032,C1=C(C=CC(=C1)C(NC(=O)C2(N)CCN(CC2)C3=NC=NC4=C3C=CN4)CCCN5CCOCC5)Cl
1033,O(C1=CC(C=2N=C(N3C2C(=NC=C3)N)C4CC(C4)CN5CCCC5)=CC=C1)CC6=CC=CC=C6
1034,S(=O)(=O)(N)C1=CC=C(CNC2C(=NC3=CC4=C(N(N=C4)C(OC(C)(C)C)=O)C=C3)C(=O)C2=O)C=C1
1035,ClC1=CC=C([C@H](C(=O)N2CCN(C=3N=CN=C4C3[C@@H](C[C@H]4O)C)CC2)CNCCF)C=C1
1036,C=1C=CC=C(C1)C2=CC(=NC(=C2)C=3C=C4C(=CC3)OCC(N4)=O)C5=CC6=C(C=C5)OC(N6)=O
1037,O1C2(N3C4=C5N(C=6C(C5=C7C(=C4C=8C3=CC=CC8)CNC7=O)=CC=CC6)C1CC(NC)C2OC)C
1038,S1C=2C(C(C3=CC=C(NC(=O)NC4=CC(=CC=C4)C)C=C3)=C1)=C(N=CC2C#CC(N)(C)C)N
1039,C1=C(C=CC(=C1)[C@@H](NC(=O)C2(N)CCN(CC2)C3=NC=NC4=C3C=CN4)CCN5CCCCC5)Cl
1040,C1N(C(N2CCOCC2)=O)CCN3C=4C(C(=C3)C=5C(NC(=O)C5C6=CN=C7N6C=CC=C7)=O)=CC=CC41
1041,C1=2C(N3CCN(C(NC4=CC=C(OC5=CC=CC=C5)C=C4)=O)CC3)=NC=NC1=CC(=C(C2)OC)OC
1042,C1CCC(CC1)C(N(C2=CC=C3N(C(=NC3=C2)NC(C=4C=CC(=CC4)C#N)=O)CCC(=O)N)C)=O
1043,S1C(C=2C3=NNC=C3C=C(C=4C5=NC(=NC=C5N(C4)CC(=O)N)N)C2)=CC=6C1=CC=CC6
1044,C=1C=2N(C=C(C2N=C(N)N1)C=3C=C(C=4SC=5C(=CC=CC5)C4)C6=C(C3)C=NN6)CCN
1045,C1(NC(=C(C2=CC=CC=C2)N=C1C)C=3C=CC(CN4CCC(CC4)N5C6=C(NC5=O)C=CC=C6)=CC3)=O
1046,S(=O)(=O)(NC=1C(C=2C=C3NC=4C(NC(=O)C3=CC2)=CC(C5=CC(OC)=C(OC)C(OC)=C5)=CC4)=CC=CC1)C
1047,FC=1C(NC2C(C3CC2C=C3)C(=O)N)=NC(NC4=CC(=C(N5CCN(CC5)C)C=C4)C)=NC1
1048,C1=C(C=CC(=C1)[C@@H](NC(=O)C2(N)CCN(CC2)C3=NC=NC4=C3C=CN4)CCN5CCCC5)Cl
1049,O=C1NC=2C(NC=3C1=CC=C(C3)C=4C=C(OC)C(O)=CC4)=CC=C(C2)C(=O)NCCNC(=O)C
1050,C=1C=2N(CCCN)C=C(C=3C=C(C=4SC=5C(=CC=CC5)C4)C6=C(C3)C=NN6)C2N=C(N)N1
1051,N1C(C(=C(C1=O)C2=CNC=3C=CC=CC23)C4=CN(C=5C=CC(=CC45)OC)CCCN(C)C)=O
1052,C=1(N=C2N=C(C(C3=CC=CC=C3)=CC2=CN1)C=4C=CC(CNCCC(=O)C5=C(C=CC=C5)N)=CC4)SC
1053,N=1C(C=2C=COC2)=C(C=C(C1)OC[C@H](CC3=CNC4=C3C=CC=C4)N)C5=CC=6C(=NNC6C=N5)C
1054,S1C=2C(C(C3=CC=C(NC(=O)NC4=CC(=CC=C4)C)C=C3)=C1)=C(N=CC2C5=CN(N=C5)C)N
1055,ClC1=NC(C2=CC=C(CN3CCC(N4C5=C(N=C4O)C=CC=C5)CC3)C=C2)=C(C6=CC=CC=C6)C=C1C#N
1056,S1C2=C(C(C3=CC=C(NC(=O)NC=4C=C(F)C=CC4)C=C3)=C1)C(=NC=C2C=5C=NC(=CC5)C)N
1057,S1C=2C(C(C3=CC=C(NC(=O)NC4=CC=C(OCC)C=C4)C=C3)=C1)=C(N=CC2C5=CN(N=C5)C)N
1058,S1C=2C(C(C3=CC=C(NC(=O)NC4=CC(=CC=C4)C)C=C3)=C1)=C(N=CC2C#CCN5CCCC5)N
1059,C1=C(C=CC(=C1)C(NC(=O)C2(N)CCN(CC2)C3=NC=NC4=C3C=CN4)C5=CC=CC=C5)Cl
1060,C1(=CC=C2NC(/C(/C2=C1)=C\C=3NC=C(C3)C4=CC(=CC=C4)NC(C)=O)=O)NC(N)=O
1061,S1C2=C(C(C=3C=CC(NC(=O)NC4=CC(C(F)(F)F)=CC=C4F)=CC3)=C1)C(=NC=C2C5=CC=NC=C5)N
1062,C1(Br)=C(C=2C=3C=CNC3N=CC2)SC(C(=O)N[C@H](CN)CC4=CC=CC=C4C(F)(F)F)=C1
1063,O(C=1C=C(C2=CC3=C(C=C2)C=NC=C3)C=NC1)CC(NC(=O)CN(C)C)CC=4C=5C(NC4)=CC=CC5
1064,O(C=1C=2N(C(=NC2C(=NC1)C#CC(O)(C)C)C3=NON=C3N)CC)CCCNCCC4=CC=C(OC)C=C4
1065,[C@@H]1(C2=C(N=CN=C2[C@H](C1)F)N3CCN(CC3)C(=O)[C@H](CNC(C)C)C4=CC=C(C=C4)Cl)C
1066,ClC1=CC=C([C@H](C(=O)N2CCN(CC2)C=3N=CN=C4C3[C@@H](C[C@H]4F)C)CNC(C)C)C=C1
1067,S1C=2C(C(C3=CC=C(NC(=O)NC4=CC(=CC=C4)C)C=C3)=C1)=C(N=CC2C#CCN5CCOCC5)N
1068,C(C1=CC=CC=C1)(C(NC(NC(NC2=CC(=C(C=C2)F)N(=O)=O)=S)C(Cl)(Cl)Cl)=O)C=3C=CC=CC3
1069,ClC1=CC=C(C(NC(=O)C2(N)CCN(CC2)C3=NC=NC=4NC=CC34)CC=NS(O)(=O)C)C=C1
1070,FC1=CC(CNC(=O)C=2C=C3NC(=O)C=4C(NC3=CC2)=CC(C=5C=C(OC)C(O)=CC5)=CC4)=CC=C1
1071,O(C=1C=C(C2=CC(C(=O)C3=CC=CC=C3)=C(N)C=C2)C=NC1)CC(N)CC=4C=5C(NC4)=CC=CC5
1072,S1C2=C(C(C3=CC=C(NC(=O)NC=4C=C(F)C=CC4)C=C3)=C1)C(=NC=C2C(=O)NCC)N
1073,S(=O)(=O)(NCCN)C=1C=C(C(=O)NC2=CC=C(C3=NN=C(O)C4=C3C=CC=C4)C=C2)C=CC1
1074,C(=O)(NC=1C=2C(C(=CC1)OCCN3CCOCC3)=CC=CC2)NC4=CC(=NN4C5=CC=C(C=C5)C)C(C)(C)C
1075,S1C=2C(C(C3=CC=C(NC(=O)NC4=CC(=CC=C4)C)C=C3)=C1)=C(N=CC2C#CCNS(=O)(=O)C)N
1076,ClC1=CC=C([C@@H]([C@H]2NCCC2)C(=O)N3CCN(CC3)C=4N=CN=C5C4[C@@H](C[C@H]5O)C)C=C1
1077,C1(=NON=C1N)C2=NC3=C(C#CC(O)(C)C)N=C(C=C3N2CC)O[C@@H](CCN)C4=CC=CC=C4
1078,C1(=NON=C1N)C2=NC3=C(C#CC(O)(C)C)N=C(C=C3N2CC)O[C@H](CCN)C4=CC=CC=C4
1079,O=C\1NC2=C(/C1=C/C=3NC=C(C3)C4=CC(=CC=C4)C(=O)N)C=C(NC(=O)N)C=C2
1080,C=1C=CC=C2NC=C(C21)C[C@@H](COC=3C=NC=C(C3)C4=CC=C5C(=C4)C=C(N=C5)N)N
1081,O=C\1NC2=C(/C1=C/C=3NC=C(C3)C(=O)NCCC=4N=CNC4)C=C(NC(=O)N)C=C2
1082,C1(=CN=C2C(=C1)N=C(N2C3=CC=C(C=C3)CNC(C=4C=CC=CC4)=O)C5=CC=CN=C5N)C6CCCC6
1083,C=1(C=C2/C(/C(NC2=CC1)=O)=C(\C)/C=3NC=C(C3)CNC(C4=CN=CC=C4)=O)NC(N)=O
1084,S1C2=C(C(C3=CC=C(NC(=O)NC=4C=C(C=CC4)C)C=C3)=C1)C(=NC=C2C#CCN(C)C)N
1085,ClC1=CC=C([C@@H](CNC2CCCCC2)C(=O)N3CCN(CC3)C=4N=CN=C5C4[C@@H](C[C@H]5O)C)C=C1
1086,S1C=2C(C(C3=CC=C(NC(=O)NC4=CC(=CC=C4)C)C=C3)=C1)=C(N=CC2C=5C=NNC5)N
1087,FC(F)(F)C=1C(=NC(NC2=CC=3C4N(C(C3C=C2)CC4)C(=O)CNC(=O)C)=NC1)NC5CCC5
1088,[C@]1([C@]2(N3C=4C5=C(C6=C(N5[C@@H](C1)O2)C=CC=C6)C=7C(C4C8=C3C=CC=C8)=CNC7O)C)(O)CO
1089,C1(C[C@H](N)COC2=C(N=C(C(C3=NC=4C(N=C3)=NNC4C)=C2)C=5C=COC5C)N)=CC=CC=C1
1090,FC(F)(F)C1=CC(NC(=O)NC=2C=CC(C3=C(N4N=CC(=C4N=C3)C5=CN(N=C5)C)N)=CC2)=CC=C1
1091,S1C2=C(C(C3=CC=C(NC(=O)NC=4C(F)=CC=C(C4)C)C=C3)=C1)C(=NC=C2C(=O)NC)N
1092,S1C=2C(C(C3=CC=C(NC(=O)NC4=CC=C(OC)C=C4)C=C3)=C1)=C(N=CC2C5=CN(N=C5)CCO)N
1093,O1C(=NC=2C1=CC=CC2)NC3=CC=C(C=4C=5C(=C(O)NC5)C=C(OCCCN(C)C)C4)C=C3
1094,O=C(NCC=1C=C(NC1)/C(=C\2/C3=C(NC2=O)C=CC(NC(=O)N)=C3)/C)CCN4CCCCC4
1095,ClC1=CC(C(O)CNC2=C(C=3NC4=C(N3)CC(N5CCOCC5)=CC4=C)C(O)=NC=C2)=CC=C1
1096,S1C2=C(C(C3=CC=C(NC(=O)NC=4C=C(C=CC4)C)C=C3)=C1)C(=NC=C2C#CCN(CC)CC)N
1097,C1(Br)=C(C=2C=3C=CNC3N=CC2)SC(C(=O)N[C@H](CN)CC4=CC=CC(=C4)C(F)(F)F)=C1
1098,O=C1N(C=2C(N(C1CC)C3CCCC3)=NC(=NC2)NC4=C(OC)C=C(C=C4)C(=O)NC5CCCCC5)C
1100,C1=C(C=CC(=C1)C(NC(=O)C2(N)CCN(CC2)C3=NC=NC4=C3C=CN4)CCCN5CCCC5)Cl
1101,C=1(N=CN=C2[C@@H](C[C@H](C21)C)O)N3CCN(C(=O)[C@H]([C@@H]4COCCN4)C=5C=CC(=CC5)Cl)CC3
1102,OC=1N2C(=NC=3C2=CC=CC3)C(=C(C1C=C4C(=O)N(N=C4C)C=5C=CC(=CC5)C(=O)O)C)C#N
1103,ClC1=CC=C(C(NC(=O)C2(N)CCN(CC2)C3=NC=NC=4NC=CC34)CCCN(C)C)C=C1
1104,ClC1=CC=C([C@H](C(=O)N2CCN(C=3N=CN=C4C3[C@@H](C[C@H]4O)C)CC2)CNCC5CCOCC5)C=C1
1105,S(=O)(=O)(N)C=1C(=CC=C(NC=2N=C(NC3=CC=C(OCC(=O)NC)C=C3)C(F)=CN2)C1)C
1106,O=C(NCC=1C=C(NC1)/C(=C\2/C3=C(NC2=O)C=CC(NC(=O)N)=C3)/C)C4NCCNC4
1107,ClC1=CC=C(C(NC(=O)C2(N)CCN(CC2)C3=NC=NC=4NC=CC34)CC5=CC=CC=C5)C=C1
1108,S1C=2C(C(C3=CC=C(NC(=O)NC4=CC(=CC=C4)C)C=C3)=C1)=C(N=CC2C#CC5=CN=CC=C5)N
1109,C=1(C=C2/C(/C(NC2=CC1)=O)=C/C=3NC=C(C3)C(NCCN4CCOCC4)=O)NC(N)=O
1110,C=1(N=CN=C2[C@@H](C[C@H](C21)C)O)N3CCN(C(=O)[C@H](CNCC(F)(F)F)C=4C=CC(=CC4)Cl)CC3
1112,O=C(NC=1N(C=2C(N1)=CC(N(C(=O)C3CCCCC3)C)=CC2)CCCC)C4=CC(=CC=C4)C#N
1113,C=1(C=C2/C(/C(NC2=CC1)=O)=C/C=3NC=C(C3)C(NCCN4CCCCC4)=O)NC(N)=O
1114,C=1(C=C2C(=NC=NC2=CC1OCCCN3CCCCC3)N4CCN(CC4)C(NC=5C=CC(=CC5)OC(C)C)=O)OC
1115,O=C1N(C2CCN(CC2)CC=3C=CC(=CC3)C4=NC=5C(N=C4C6=CC=CC=C6)=CC=CC5)C=7C(N1)=CC=CC7
1116,C=1(C(N)=NON1)C2=NC3=C(C#CC(O)(C)C)N=C(C=C3N2CC)O[C@H](CN)C4=CC=CC=C4
1117,ClC1=CC=C([C@H](C(=O)N2CCN(C=3N=CN=C4C3[C@@H](C[C@H]4O)C)CC2)CNC5CCOCC5)C=C1
1118,C1(Br)=C(C=2C=3C=CNC3N=CC2)SC(C(=O)N[C@H](CN)CC4=CC=C(C=C4)C(F)(F)F)=C1
1119,C=1(C=C2/C(/C(NC2=CC1)=O)=C/C=3NC=C(C3)C(=O)NCCC4=CC=NC=C4)NC(N)=O
1120,S1C2=C(C(C3=CC=C(NC(=O)NC=4C=C(F)C=CC4)C=C3)=C1)C(=NC=C2C5=CN(N=C5)CCC)N
1121,N1=C(N=C(C(=C1)C(F)(F)F)NCC2=CC=CN=C2N(S(C)(=O)=O)C)NC3=CC4=C(C=C3)NC(=C4)O
1122,BrC=1C(NC=2C(S(=O)(=O)NC)=CC=CC2)=NC(NC=3C(OC)=CC=C(N4CCN(CC4)C(=O)C)C3)=NC1
1123,S1C2=C(C(C3=CC=C(NC(=O)NC=4C=C(F)C=CC4)C=C3)=C1)C(=NC=C2C5=CN(N=C5)CCO)N
1124,ClC1=CC=C([C@H](C(=O)N2CCN(CC2)C=3N=CN=C4C3[C@@H](CC4)C=C)CNC(C)C)C=C1
1125,S(=O)(=O)(N(C=1C=C(C2=CC3=C(C=C2)C=NC=C3)C=NC1)CCN)C4=C5C(C(N(C)C)=CC=C5)=CC=C4
1126,CC=1NN=C2C1C=C(C=C2)C3=CC(OC[C@H](CC=4C5=C(NC4)C=CC=C5)N)=CN=C3C=6C=COC6
1127,S1C2=C(C(C3=CC=C(NC(=O)NC4=CC=C(OC(F)F)C=C4)C=C3)=C1)C(=NC=C2C5=CN(N=C5)C)N
1128,O=C(N1CC2=C(NN=C2NC(=O)C=3C=CC(N4CCN(CC4)C)=CC3)C1)C(OC)C5=CC=CC=C5
1129,S1C=2C(C(C=3C=CC(NC(=O)NC4=CC=C(C=C4)C)=CC3)=C1)=C(N=CC2C5=CN(N=C5)C)N
1130,S1C2=C(C(C3=CC=C(NC(=O)NC=4C=C(F)C=CC4)C=C3)=C1)C(=NC=C2C5=CN(N=C5)C)N
1131,N1C(N(C(C2=CC=CC=C12)=O)CCN3CCC(CC3)=C(C=4C=CC(=CC4)F)C=5C=CC(=CC5)F)=S
1132,C1(C[C@@H](COC=2C=C3C(=C(C#CC(O)(C)C)N2)N=C(C=4C(N)=NON4)N3CC)N)=CC=CC=C1
1133,C1(C[C@H](COC=2C=C3C(=C(C#CC(O)(C)C)N2)N=C(C=4C(N)=NON4)N3CC)N)=CC=CC=C1
1134,[C@@H]1(C2=C(N=CN=C2CC1)N3CCN(CC3)C(=O)[C@H](CNC(C)C)C4=CC=C(C=C4)Cl)CO
1135,ClC1=CC=C(C(NC(=O)C2(N)CCN(CC2)C3=NC=NC=4NC=CC34)CCCN5CCCCC5)C=C1
1136,C1(OCC[C@H](CC2=CC=CC=C2)N)=CN=C(C=3N=C(N(C31)CC)C=4C(N)=NON4)C#CC(C)(O)C
1137,N=1C2=C(C=NN2C(=C(C1)C=3C=CC(=CC3)NC(NC4=CC=CC(=C4)C)=O)N)C5=CN(N=C5)C
1138,O(C1=CC(C=2C3=C(N(C2)C4CCC(N5CCCC5)CC4)N=CN=C3N)=CC=C1)CC6=CC=CC=C6
1139,N=1C(C=2C=COC2)=C(C=C(C1)OC[C@H](CC3=CNC4=C3C=CC=C4)N)C5=NC=6C(=NNC6C=N5)C
1140,C1(=C(C=C2C(=C1)C(=CC=N2)OC3=CC=C(C=C3)NC(NC(=O)C4=C(C=CC=C4)C)=S)OC)OC
1141,C1=C2C(N=C(C=3C=CC(=CC3)CN4CCC(CC4)C=5C=C(NN5)C=6C=CN=CC6)C(C7=CC=CC=C7)=C2)=NC=C1
1142,S1C2=C(C(C3=CC=C(NC(=O)NC=4C=C(F)C=CC4)C=C3)=C1)C(=NC=C2C5=CN(N=C5)C(C(=O)N)(C)C)N
1143,C=1(N=CN=C2[C@@H](C[C@H](C21)C)O)N3CCN(C(=O)[C@H](CN4CCC(CC4)F)C=5C=CC(=CC5)Cl)CC3
1144,C=1C2=C(C=CC1)C(=CN2)C[C@@H](COC=3C(=NC(C=4C=COC4C)=C(C5=NC6=C(N=C5)NN=C6C)C3)N)N
1145,O(C[C@@H](N)CC=1C=2C(NC1)=CC=CC2)C=3C=C(C(=NC3N)C4=C(OC=C4)C)C5=NC6=C(N=C5)NN=C6C
1146,N1(CCC(N2N=CC=3C2=NC=NC3N)CC1)CC4=CC=C(C=C4)C=5N=C6N=CN=C(N)C6=CC5C7=CC=CC=C7
1147,C1=C(C(C=2C=CC(=CC2)CN3CCC(CC3)C(=O)NCCC(N)=O)=NC=4C1=CN=C(SC)N4)C5=CC=CC=C5
1148,S1C=2C(C(C=3C=CC(NC(=O)NC4=CC=C(OC)C=C4)=CC3)=C1)=C(N=CC2C5=CN(N=C5)CC(O)(C)C)N
1149,C=1(NC2=CC=CC=C2C1C[C@@H](COC=3C(=NC(C=4C=COC4C)=C(C5=NC6=C(N=C5)NN=C6C)C3)N)N)C#N
1150,C1=C(N=C2C(=C1)N=C(N2C3=CC=C(C=C3)CNC(C=4C=CC=CC4)=O)C5=CC=CN=C5N)C6=CN=CC=C6
1151,C1(N(C2=CC=CC=C2N1)C3CCN(CC3)CC=4C=CC(C5=C(N=C(C(N5)=O)C(CC)C)C6=CC=CC=C6)=CC4)=O
1152,O1C=2C(N=C1NC=3C=CC(C4=NN(C=5N=CN=C(N)C54)C6CCC(OCCOC)CC6)=CC3)=CC(=CC2C)C
1153,O(C[C@@H](N)CC1=CC=CC=C1)C2=C(N=C(C(=C2)C3=NC4=C(N=C3)NN=C4C)C=5C=COC5)NCC
1154,N1(CCC(CC1)C2=NNC(=N2)C=3N=CC=CC3)CC4=CC=C(C=C4)C=5N=C6N=C(N=CC6=CC5C7=CC=CC=C7)C#N
1155,C=1C=C(OC1C=2C=C3C(=CC2)N=CN=C3NC4=CC=C(C(=C4)Cl)OCC5=CC(=CC=C5)F)CNCC=S(O)(O)=C
1156,C1(=C(C2=CN3CCN(C(N4CCCCC4)=O)CC5=C3C2=CC(=C5)F)C(=O)NC1=O)C=6N7C(C=CC=C7)=NC6
1157,C1=C(C(C2=CC=C(C=C2)CN3CCC(CC3)C=4ON=C(N4)C5=CC=CN=C5)=NC=6C1=CN=C(SC)N6)C7=CC=CC=C7
1158,C=1C(=NC2=C(C1)N=C(N2C3=CC=C(C=C3)CNC(C4=CC=CC(=C4)F)=O)C5=CC=CN=C5N)C6=CN=CC=C6
1159,C1=C(N=C2C(=C1)N=C(N2C3=CC=C(C=C3)CNC(C=4C=CC=CC4)=O)C5=CC=CN=C5N)C6=CC=CC=C6
1160,C=1C2=C(C=CC1)C(=CN2)C[C@@H](COC=3C(=NC(C=4C=COC4C)=C(C5=CC6=C(C=N5)NN=C6C)C3)N)N
1161,O(C[C@@H](N)CC=1C=2C(NC1)=CC=CC2)C=3C=C(C(=NC3N)C4=C(OC=C4)C)C=5N=CC6=NNC(=C6C5)C
1162,OC=1N(C2CCN(CC2)CC3=CC=C(C=C3)C=4N=C5N(N=C(N)C5=CC4C6=CC=CC=C6)C)C7=C(N1)C=CC=C7
1163,C=1N=C2N=C(C=3C=CC(CN4CCC(CC4)N5C6=C(NC5=O)C=CC=C6)=CC3)C(C=7C=CC=CC7)=CC2=C(N)N1
1164,[C@@]12(N3C4=C5C(C=6C=CC=CC6N5[C@H](O1)C[C@H]([C@H]2OC)NC)=C7C(=C4C8=C3C=CC=C8)CNC7=O)C
1165,ClC1=CC=C([C@@H](CNC2CCC(OC)CC2)C(=O)N3CCN(CC3)C=4N=CN=C5C4[C@@H](C[C@H]5O)C)C=C1
1166,C1=C2C(N=C(C3=CC=C(C=C3)CN4CCC(CC4)C=5C=C(NN5)C6=CN=CC=C6)C(C7=CC=CC=C7)=C2)=NC=C1
1167,ClC=1C(C=2C=3NC(=C(C3C=CC2)CCCOC=4C=5C(C=CC4)=CC=CC5)C(=O)NCCOCCOCCN)=C(C=CC1)C
1168,O(C1=CC2=C(N=C(N=C2C=C1)C3=CC(NC(=O)CCC)=CC=C3)NC=4C=C5C(NN=C5)=CC4)CCN6CCCC6
1169,C1(=CC=C2C(=C1)C(=C(N2)O)C=C3CC(=C(C3=C)C(N4CCN(CC4)C)=O)C)S(=O)(N(C)C5=CC(=CC=C5)Cl)=O
1170,FC=1C=C([C@H](C(=O)N2CCN(C=3N=CN=C4C3[C@@H](C[C@H]4O)C)CC2)CNC(CO)(C)C)C=CC1C(F)(F)F
1171,N1=C2C(N=C(C3=CC=C(C=C3)CN4CCC(CC4)C=5N=C(NN5)C6=NC=CC=C6)C(C7=CC=CC=C7)=C2)=CC=C1
1173,O(C[C@@H](N)CC=1C=2C(NC1)=CC=CC2)C=3C=C(C(=NC3C#N)C=4C=COC4)C5=NC=6C(=NNC6N=C5)C
1174,C=1C2=C(C=CC1)C(=CN2)C[C@@H](COC=3C(=NC(C=4C=COC4)=C(C5=NC=6C(N=C5)=NNC6C)C3)C#N)N
1175,C=1N=C(C=2C=CC(=CC2)CN3CCC(CC3)N4C=5C(N=C4O)=CC=CC5)C(C=6C=CC=CC6)=CC1C7=NN=NN7C
1176,C1(=NC=C2C(N=C(C=3C=CC(CN4CCC(CC4)N5C6=C(C=N5)C(=NC=N6)N)=CC3)C(C=7C=CC=CC7)=C2)=N1)SC
1177,C=1N2C3=C(C=CC=C3)C1C=4C(NC(C4C5=CN(CCCC6=NC(=CC(CCC2)=C6)N7CCCC7)C8=C5C=CC=C8)=O)=O
1178,C=1(C=C2/C(/C(=O)NC2=CC1)=C/C3=CC(=CN3)C4=CC(=CC=C4)C(=O)NCCN5CCCCC5)NC(N)=O
1179,[C@@]12(N3C4=C5C(C6=C(N5[C@H](O1)C[C@@]2(C(=O)OC)O)C=CC=C6)=C7C(=C4C8=C3C=CC=C8)CNC7=O)C
1180,C=1(N=CN=C2[C@@H](C[C@H](C21)C)O)N3CCN(C(=O)[C@H](CN(C(C)C)C)C=4C=CC(=CC4)Cl)CC3
1181,S(=O)(=O)(N1CCOCC1)C=2C=C(C(=O)NC3=CC=C(C4=NC5=C(N4)C=CC=C5C(=O)N)C=C3)C=CC2
1182,S1C2=C(C(C3=CC=C(NC(=O)NC4=CC=C(C=C4)C)C=C3)=C1)C(=NC=C2C5=CN(N=C5)C(C(=O)N(C)C)C)N
1183,C=1C2=C(C=CC1)C(=CN2)C[C@@H](COC=3C(=NC(C=4C=COC4C)=C(C5=CC6=C(C=C5)NN=C6C)C3)N)N
1184,O(C[C@@H](N)CC=1C=2C(NC1)=CC=CC2)C=3C=C(C4=CC=5C(=NNC5C)C=C4)C(=NC3N)C6=C(OC=C6)C
1185,ClC1=C2OC(=NC2=CC(=C1)C)NC=3C=CC(C4=NN(C=5N=CN=C(N)C54)C6CCC(OCCOC)CC6)=CC3
1186,C=1(C=C2/C(/C(NC2=CC1)=O)=C/C=3NC=C(C3)C4=CC(=CC=C4)C(=O)NCCN(C)C)NC(N)=O
1187,O(C[C@@H](N)CC=1C=2C(NC1)=CC=CC2)C=3C=C(C(=NC3N)C4=C(OC=C4)C)C5=CC=6C(N=C5)=NNC6C
1188,C=1C2=C(C=CC1)C(=CN2)C[C@@H](COC=3C(=NC(C=4C=COC4C)=C(C5=CC6=C(N=C5)NN=C6C)C3)N)N
1189,FC=1C=C([C@@H](CNCC2CC2)C(=O)N3CCN(CC3)C=4N=CN=C5C4[C@@H](C[C@H]5O)C)C=CC1C(F)(F)F
1190,OC=1N(C2CCN(CC2)CC3=CC=C(C=C3)C=4N=C(N)C(=CC4C5=CC=CC=C5)C#N)C6=C(N1)C=CC=C6
1191,C=1(N=C(C(C=2C=CC=CC2)=CC1C#N)C=3C=CC(=CC3)CN4CCC(CC4)N5C6=C(NC5=O)C=CC=C6)N
1192,O=C1NC=2C(NC=3C1=CC=C(C3)C=4C=C(OC)C(=CC4)CC#N)=CC=C(C2)CCOC5=CC=C(N6CCOCC6)C=C5
1193,O=C1N(N(C2=NC(=NC=C2N1C)NC3=C(OC)C=C(C=C3)C(=O)NC4CCN(CC4)C)C5CCCC5)CC
1194,C1=C2C(N=C(C3=CC=C(C=C3)CN4CCC(CC4)C=5N=C(NN5)C6=NC=CC=C6)C(C7=CC=CC=C7)=C2)=CN=C1
1195,O(C[C@@H](N)CC1=CC=CC=C1)C2=CC(=C(N=C2N)C3=C(OC=C3)C)C4=NC5=C(N=C4)NN=C5C
1196,C1(=CN=C2C(=C1)N=C(N2C3=CC=C(C=C3)CNC(C4=CC=CC(=C4)F)=O)C5=CC=CN=C5N)C6=CN=CC=C6
1198,FC=1C=C([C@H](C(=O)N2CCN(C=3N=CN=C4C3[C@@H](C[C@H]4O)C)CC2)CNC(C)(C)C)C=CC1C(F)(F)F
1199,C1=C2C(N=C(C3=CC=C(C=C3)CN4CCC(CC4)C=5C=C(NN5)C6=CC=CC=C6)C(C7=CC=CC=C7)=C2)=NC=C1
1200,C=1(C(=NC(=NC1)NC=2C=CC(=CC2OC)N3CCC(CC3)N4CCN(CC4)C)NC=5C(=CC=CC5)S(C(C)C)(=O)=O)Cl
1201,N=1C=NC(=C2[C@@H](C[C@@H](O)C12)C)N3CCN(C([C@H](CNC4CCOCC4)C5=CC(=C(Cl)C=C5)F)=O)CC3
1202,C=1(N(C2=CC=CC=C2N1)C3CCN(CC3)CC4=CC=C(C5=NC(CC(C)C)=C(N=C5C6=CC=CC=C6)O)C=C4)O
1203,C1=C(C(C=2C=CC(=CC2)CN3CCC(CC3)NC(CNC(C)=O)=O)=NC=4C1=CN=C(SC)N4)C5=CC=CC=C5
1204,OC=1N(C2CCN(CC2)CC3=CC=C(C=C3)C=4N=C(NC)C(=CC4C5=CC=CC=C5)C#N)C6=C(N1)C=CC=C6
1205,C=1(N=C(C=2C=CC(=CC2)CN3CCC(CC3)N4C5=C(NC4=O)C=CC=C5)C(C=6C=CC=CC6)=CC1C#N)NC
1206,O=C1N(C2CCN(CC2)CC3=CC=C(C=C3)C4=NC=5NC(=O)N=C(N)C5C=C4C6=CC=CC=C6)C=7C(N1)=CC=CC7
1207,C1(O)=NC(N)=C2C(N=C(C=3C=CC(CN4CCC(CC4)N5C6=C(NC5=O)C=CC=C6)=CC3)C(C=7C=CC=CC7)=C2)=N1
1208,S1C2=C(C(C=3C=CC(NC(=O)NC4=CC=C(C=C4)C)=CC3)=C1)C(=NC=C2C5=CN(N=C5)C(C(=O)NC)C)N
1209,O=C1N(C2CCN(CC2)CC3=CC=C(C=C3)C=4NC(=O)C(=NC4C=5C=CC=CC5)CC(C)C)C=6C(N1)=CC=CC6
1210,S1C2=C(C(C3=CC=C(NC(=O)NC=4C=C(C=CC4)C)C=C3)=C1)C(=NC=C2C5=CN(N=C5)CC(O)C)N
1211,C=1N=C2N=C(C=3C=CC(CN4CCC(CC4)N5C6=C(N=C5)C(=NC=N6)N)=CC3)C(C=7C=CC=CC7)=CC2=C(N)N1
1212,C=1C=C2N=C(C=3C=CC(CN4CCC(CC4)N5C6=C(NC5=O)C=CC=C6)=CC3)C(C=7C=CC=CC7)=NC2=CC1
1213,C1=C2C(N=C(C3=CC=C(C=C3)CN4CCC(CC4)C=5N=C(NN5)C6=NC=CC=C6)C(C7=CC=CC=C7)=C2)=NC=C1
1214,C=1(N=C(C=2C=CC=CC2)NN1)CCNCC3=CC=C(C=C3)C4=NC=5C(C=C4C6=CC=CC=C6)=CN=C(N5)SC
1215,OCC1C2C1CN(C2)CC3=CC=C(C=4C=C5C(NC=6C=C(OC)C(OC7=CC=CC=C7)=CC6)=NC=NC5=CC4)C=C3
1216,C=1C=CC(=CN1)C=2C=C3C(=NC2)N(C=4C=CC(CNC(C5=CC=CC=C5)=O)=CC4)C(=N3)C6=CC=CN=C6N
1217,N1(CCC(N2C=3C(N=C2C)=CC=CC3)CC1)CC4=CC=C(C=C4)C=5N=C6N=CN=C(N)C6=CC5C7=CC=CC=C7
1218,C1=C(C(C2=CC=C(C=C2)CN3CCC(CC3)N4C5=C(NC4=O)C=CC=C5)=NC6=C1C(=NN6)N)C7=CC=CC=C7
1219,O=C1N(C2CCN(CC2)CC3=CC=C(C=C3)C4=NC5=NNC(N)=C5C=C4C6=CC=CC=C6)C=7C(N1)=CC=CC7
1220,O(C[C@@H](N)CC=1C=2C(NC1)=CC=CC2)C3=CC(=C(N=C3)C4=C(OC=C4)C)C5=NC6=C(NN=C6N=C5)C
1221,C=1C2=C(C(=CN2)C[C@@H](COC=3C=NC(=C(C4=NC=5C(N=C4)=NNC5C)C3)C=6C=COC6C)N)C=CC1
1222,S1C2=C(C(C3=CC=C(NC(=O)NC=4C=C(F)C=CC4)C=C3)=C1)C(=NC=C2C5=CN(N=C5)CC(O)C)N
1223,ClC=1NC=2C(C1C[C@H](N)COC=3C=C(C(=NC3N)C4=C(OC=C4)C)C5=NC=6C(N=C5)=NNC6C)=CC=CC2
1224,O=C1N(C=2C(N(C1CC)C3CCCC3)=NC(=NC2)NC4=C(OC)C=C(C=C4)C(=O)NC5CCN(CC5)C)C
1225,[C@@H]1([C@@H](C(N2CCN(C=3N=CN=C4[C@@H](C[C@@H](C)C43)O)CC2)=O)C=5C=CC(Cl)=CC5)CCCCN1
1226,C1=C2C(N=C(C3=CC=C(C=C3)CN4CCC(CC4)C=5N=C(NN5)C6=NC=CC=C6)C(C7=CC=CC=C7)=C2)=CC=N1
1227,C1=C2C(N=C(C3=CC=C(C=C3)CN4CCC(CC4)C=5C=C(NN5)C6=NC=CC=C6)C(C7=CC=CC=C7)=C2)=NC=C1
1228,C1=C2C(N=C(C=3C=CC(=CC3)CN4CCC(CC4)C=5C=C(NN5)C6=CC=NC=C6)C(C=7C=CC=CC7)=N2)=CC=C1
1229,O(C[C@@H](N)CC=1C=2C(NC1)=CC=CC2)C=3C=C(C(=NC3C)C=4C=COC4)C5=NC=6C(N=C5)=NNC6C
1230,C=1C2=C(C(=CN2)C[C@@H](COC=3C(=NC(C=4C=COC4)=C(C5=NC6=C(N=C5)NN=C6C)C3)C)N)C=CC1
1231,S1C2=C(C(C3=CC=C(NC(=O)NC=4C=C(C=CC4)C)C=C3)=C1)C(=NC=C2C=CC(=O)NCCN(CC)CC)N
1232,O1[C@@H](CCN2C=3C(C(C4=C(C=5C=6C(N(CC1)C5)=CC=CC6)C(=O)NC4=O)=C2)=CC=CC3)CN(C)C
1233,C1=C(C(C=2C=CC(=CC2)CN3CCC(CC3)C(=O)NC4=CC=NC=C4)=NC=5C1=CN=C(SC)N5)C6=CC=CC=C6
1234,CCN1C(=NC=2C=NC(OC=3C=CC=C(NC(=O)C=4C=CC(OCCN5CCOCC5)=CC4)C3)=CC12)C6=NON=C6N
1235,C1=C(N=C2C(=C1)N=C(N2C3=CC=C(C=C3)CC(NC4=CC=CC=C4)=O)C5=CC=CN=C5N)C6=CN=CC=C6
1236,FC1=CC=2NC(=NC2C=C1)C3CCN(CC3)CC4=CC=C(C=C4)C=5N=C6N=CN=C(N)C6=CC5C7=CC=CC=C7
1237,C=1(C=CC=C(C1C=2C=3C=C(C=CC3C4=C(CN2)C=NC(=N4)NC=5C=CC(=C(C5)OC)C(=O)O)Cl)F)OC
1238,S(=O)(=O)(NC(=O)C=1C=CC(C2=CC=C(F)C=C2)=CC1)C=3C=C(N(=O)=O)C(NCCSC4=CC=C(O)C=C4)=CC3
1239,N1C(C2=C(C1=O)C3=CN(C=4C=CC=CC34)CCCC=5C=CC(=NC5N(C)C)CCN6C7=C(C2=C6)C=CC=C7)=O
1240,N1(CCC(CC1)C2=NNC(=C2)C3=CC=NC=C3)CC4=CC=C(C=C4)C=5N=C6N=CN=C(N)C6=CC5C7=CC=CC=C7
1241,C12=C(C=CC=C1)NC(N2C3CCN(CC3)CC4=CC=C(C=C4)C=5C(=NC=6C(=CC7=C(C6)N=CN7)N5)C8=CC=CC=C8)=O
1242,O=C1N(C2CCN(CC2)CC=3C=CC(=CC3)C4=NC5=C(N=C4C6=CC=CC=C6)C=CC(=C5)C(O)=O)C=7C(N1)=CC=CC7
1243,O=C1N(C2CCN(CC2)CC=3C=CC(=CC3)C4=NC5=C(N=C4C6=CC=CC=C6)C=C(C=C5)C(O)=O)C=7C(N1)=CC=CC7
1244,FC=1C(NC(=O)C2=CC(C=3N=C4N(C3C5=NC(=NC=C5)NC6=CC=C(N7CCN(CC7)CC)C=C6)C=CC=C4)=CC=C2)=CC=CC1
1245,N1N=NC(C=2C=C3C(=CC2)N=C(C4=CC=C(CN5CCC(CC5)N6C7=C(NC6=O)C=CC=C7)C=C4)C(=N3)C8=CC=CC=C8)=N1
1246,C=1(N=CC=C2N=C(C=3C=CC(=CC3)CN4CCC(CC4)C=5N=C(NN5)C6=NC=CC=C6)C(C7=CC=CC=C7)=CC21)O
1247,O(C[C@@H](N)CC=1C=2C(NC1C#N)=CC=CC2)C=3C=C(C(=NC3N)C4=C(OC=C4)C)C5=NC=6C(N=C5)=NNC6C
1248,C1=C(C=2C=CC=CC2)C(C3=CC=C(C=C3)CN4CCC(CC4)C=5N=C(NN5)C6=NC=CC=C6)=NC7=C1C8=NN=CN8C=C7
1249,N1(CCC(CC1)C=2NN=C(N2)C=3N=CC=CC3)CC4=CC=C(C=C4)C=5N=C6C(=CC5C7=CC=CC=C7)C=8N(C=C6)C=NN8
1250,O=C1N(C2CCN(CC2)CC=3C=CC(=CC3)C4=NC5=C(N=C4C6=CC=CC=C6)C=C(C=C5)C7=NN(N=N7)C)C=8C(N1)=CC=CC8
1251,C=1(N(C2=CC=CC=C2N1)C3CCN(CC3)CC4=CC=C(C5=NC=6C=CC(C7=NN(C)N=N7)=CC6N=C5C8=CC=CC=C8)C=C4)O
1252,C1NC(C2=C(N=C(C=3C=CC(=CC3)CN4CCC(CC4)C5=NN=C(N5)C6=NC=CC=C6)C(C7=CC=CC=C7)=C2)C1)=O
1253,O=C1N(C2CCN(CC2)CC=3C=CC(=CC3)C4=NC5=C(N=C4C6=CC=CC=C6)C=CC(=C5)C7=NNN=N7)C=8C(N1)=CC=CC8
1254,C1=C(C(C=2C=CC(CN3CCC(CC3)C=4N=C(NN4)C5=CC=CC=N5)=CC2)=NC=6C1=CN=C(N6)C#N)C7=CC=CC=C7
1255,C=1N2C3=C(C=CC=C3)C1C4=C(C(NC4=O)=O)C5=CN(CCCC=6C=C(CCC2)C=C(N6)N(C)C)C7=C5C=CC=C7
1256,O=C1NC=2C(NC=3C1=CC=C(C3)C=4C=C(OC)C(OCC(O)CO)=CC4)=CC=C(C2)CCOC5=CC=C(N6CCOCC6)C=C5
1257,C=1N=C(C2=C(N=C(C=3C=CC(=CC3)CN4CCC(CC4)C5=NN=C(N5)C=6C=NC=CN6)C(C7=CC=CC=C7)=C2)C1)O
1258,N1(CCC(CC1)C=2NN=C(N2)C=3N=CC=CC3)CC4=CC=C(C=C4)C=5N=C6N=C(N=CC6=CC5C7=CC=CC=C7)NC
1259,C1(=NC=C2C(N=C(C3=CC=C(CN4CCC(CC4)C5=NN=C(N5)C6=NC=CC=C6)C=C3)C(C=7C=CC=CC7)=C2)=N1)NC
1260,N(C(=O)CC=1C=CC=CC1)C2=CC(C=3N=C4N(C=CS4)C3C5=CC=NC(NC6=CC=C(C=C6)N7CCOCC7)=N5)=CC=C2
1261,SC=1N2C(=NN1)C=3C(=NC(C4=CC=C(CN5CCC(CC5)=C6NNC(=N6)C7=NC=CC=C7)C=C4)=C(C3)C8=CC=CC=C8)C=C2
1262,O=C(NC=1C=CC(C2=NN(C=3N=CN=C(N)C32)C4CCC(N5CCN(CC5)C(=O)C)CC4)=CC1)C=6N(C=7C(C6)=CC=CC7)C
1263,O=C1N(C2CCN(CC2)CC=3C=CC(=CC3)C4=NC5=C(N=C4C6=CC=CC=C6)C=CC(=C5)C7=NN(N=N7)C)C=8C(N1)=CC=CC8
1264,C=1(N(C2=CC=CC=C2N1)C3CCN(CC3)CC=4C=CC(C5=NC=6C=C(C7=NN(C)N=N7)C=CC6N=C5C8=CC=CC=C8)=CC4)O
1265,C=1(N=CN=C2[C@@H](C[C@H](C21)C)O)N3CCN(C(=O)[C@H](CN[C@@H]4CC[C@H](CC4)OC)C=5C=CC(=CC5)Cl)CC3
1266,C1(=NC=C2C(=N1)N=C(C=3C=CC(CN4CCC(CC4)C5=NN=C(N5)C6=NC=CC=C6)=CC3)C(C=7C=CC=CC7)=C2)N8CCOCC8
1267,C=1N=C(C2=C(N=C(C=3C=CC(CN4CCC(CC4)C5=NN=C(N5)C=6C=CC(=NC6)OC)=CC3)C(C7=CC=CC=C7)=C2)C1)O
1268,S(C1=NC2=NC(C3=CC=C(CN4CCC(CC4)C5=NNC(=N5)C=6N=CC=CC6)C=C3)=C(C=C2C=N1)C7=CC=CC=C7)C
1269,C1=C(C(C2=CC=C(C=C2)CN3CCC(CC3)C4=NN=C(N4)C5=CC=CC=N5)=NC=6C1=CN=C(SC)N6)C7=CC=CC=C7
1270,N1(CCC(CC1)C=2NN=C(N2)C=3N=CC=CC3)CC4=CC=C(C=C4)C=5N=C6C(=CC5C7=CC=CC=C7)C=8N(C=C6)C(=NN8)C
1271,C1=C(C(C2=CC=C(CN3CCC(CC3)C=4N=C(NN4)C5=NC=CC=C5)C=C2)=NC6=C1C=7N(C=C6)C(=NN7)C)C8=CC=CC=C8
1272,C1=C(C(C=2C=CC(CN3CCC(CC3)C=4NC(=NN4)C=5C=CC=CN5)=CC2)=NC=6C1=CN=C(N6)C(N)=O)C7=CC=CC=C7
1273,O(C[C@@H](N)CC=1C=2C(NC1C(=O)N)=CC=CC2)C=3C=C(C(=NC3N)C4=C(OC=C4)C)C5=NC=6C(N=C5)=NNC6C
1274,C=1(NC=2C=CC=CC2C1C[C@@H](COC=3C(N)=NC(C=4C=COC4C)=C(C5=NC6=C(N=C5)NN=C6C)C3)N)C(=O)N
1275,C1=C(C(C2=CC=C(C=C2)CN3CCC(CC3)C4=NNC(=C4)C5=CC=NC=C5)=NC=6C1=CN=C(SC)N6)C7=CC=CC=C7
1276,C1=C(N=C2C(=C1)N=C(N2C3=CC=C(C=C3)CC(NC4=CC=CC=C4)=O)C5=CC=CN=C5N)C6=CC(=CC=C6)NC(C)=O
1277,C1=C(N=C2C(=C1)N=C(N2C3=CC=C(C=C3)CNC(C4=CC=CC=C4)=O)C5=CC=CN=C5N)C6=CC(=CC=C6)NC(C)=O
1278,C1(=NC=C2C(=N1)N=C(C=3C=CC(CN4CCC(CC4)C5=NN=C(N5)C6=NC=CC=C6)=CC3)C(C=7C=CC=CC7)=C2)N8CCCCC8
1279,C=1C=CN=C2N=C(C=3C=CC(=CC3)CN4CCC(CC4)C=5C=C(NN5)C6=CNC(C=C6)=O)C(C7=CC=CC=C7)=CC21
1280,O=C1N(C2CCN(CC2)CC3=CC=C(C=C3)C4=NC=5C(N=C4C6=CC=CC=C6)=CC=7NN=CC7C5)C=8C(N1)=CC=CC8
1281,O=C1N(C2CCN(CC2)CC3=CC=C(C=C3)C=4N=C5N=C(N=C(N)C5=CC4C6=CC=CC=C6)N)C=7C(N1)=CC=CC7
1282,C=1N=C(C2=C(N=C(C=3C=CC(CN4CCC(CC4)C5=NN=C(N5)C=6C=CC(=NC6)N)=CC3)C(C7=CC=CC=C7)=C2)C1)O
1283,C1(N(C2=CC=CC=C2N1)C3CCN(CC3)CC=4C=CC(C5=C(N=C(C(N5)=O)CC=6C=CC(=CC6)O)C7=CC=CC=C7)=CC4)=O
1284,C1(N(C2=CC=CC=C2N1)C3CCN(CC3)CC=4C=CC(C5=C(N=C(C(N5)=O)CC6=CC=CC=C6)C7=CC=CC=C7)=CC4)=O
1285,C=1(N(C2=CC=CC=C2N1)C3CCN(CC3)CC4=CC=C(C=5C(=NC(=C(N5)O)CC(C)C)C6=CC=CC=C6)C=C4)O
1286,C=1N=C(C2=C(N=C(C=3C=CC(=CC3)CN4CCC(CC4)C5=NN=C(N5)C6=NC=CC=N6)C(C7=CC=CC=C7)=C2)C1)O
1287,C1=C(C(C=2C=CC(CN3CCC(CC3)C=4N=C(NN4)C5=CC=CC=N5)=CC2)=NC=6C1=CN=C(N6)OC)C7=CC=CC=C7
1288,C1=C(N=C2C(=C1)N=C(N2C3=CC=C(C=C3)CNC(C4=CC=CC(=C4)F)=O)C5=CC=CN=C5N)C6=CC(=CC=C6)NC(C)=O
1289,C1=C(N=C2C(=C1)N=C(N2C3=CC=C(C=C3)CC(NC4=CC=CC(=C4)F)=O)C5=CC=CN=C5N)C6=CC(=CC=C6)NC(C)=O
1290,C1=CC=C(C2=C(N3C=CSC3=N2)C4=CC=NC(=N4)NC5=CC=CC(=C5)N6CCOCC6)C=C1NC(=O)CC7=CC=CC=C7
1291,C=1C2=C(N=C(C1)CCCN3C=C(C4=C3C=CC=C4)C=5C(NC(C5C=6C7=C(N(C6)CCC2)C=CC=C7)=O)=O)N8CCCC8
1292,C1(=NC=C2C(=N1)N=C(C=3C=CC(CN4CCC(CC4)C5=NN=C(N5)C6=NC=CC=C6)=CC3)C(C=7C=CC=CC7)=C2)N8C=NC=C8
1293,OC=1N(C2CCN(CC2)CC3=CC=C(C=C3)C=4N=C5N(N=C(N)C5=CC4C6=CC=CC=C6)CCO)C7=C(N1)C=CC=C7
1294,C1(=NC=C2C(=N1)N=C(C=3C=CC(CN4CCC(CC4)C5=NN=C(N5)C6=NC=CC=C6)=CC3)C(=C2)C7=CC=CC=C7)N8CC=9N(CC8)C=NN9
1295,C=1C=C(C=C2C1N=C(C=3C=CC=CC3)C(=N2)C4=CC=C(CN5CCC(CC5)N6C7=C(NC6=O)C=CC=C7)C=C4)C(=O)NCCN(CC)CC
1296,C=1C(=NC2=C(C1)N=C(C3=CC=C(CN4CCC(CC4)C5=NN=C(N5)C=6N=CC=CC6)C=C3)C(C7=CC=CC=C7)=N2)N8CCN(CC8)C
1297,C1(=NC=C2C(=N1)N=C(C3=CC=C(CN4CCC(CC4)C5=NN=C(N5)C6=NC=CC=C6)C=C3)C(C=7C=CC=CC7)=C2)NCCN(C)C
1298,C1(=NC=C2C(=N1)N=C(C=3C=CC(CN4CCC(CC4)C5=NN=C(N5)C6=NC=CC=C6)=CC3)C(C7=CC=CC=C7)=C2)N8CCC(CC8)O
1299,C=1(N=CC2=C(N1)N=C(C(C3=CC=CC=C3)=C2)C4=CC=C(CN5CCC(CC5)C6=NN=C(N6)C=7C=CC(=NC7)N)C=C4)N8CCN(CC8)C
1300,C1(=NC=C2C(=N1)N=C(C=3C=CC(CN4CCC(CC4)C5=NN=C(N5)C6=NC=CC=C6)=CC3)C(C7=CC=CC=C7)=C2)N8C[C@H](NCC8)O
1301,C1(=CC=C2C(=N1)N=C(C(C3=CC=CC=C3)=N2)C4=CC=C(CN5CCC(CC5)C=6NN=C(N6)C7=CC=C(N=C7)N)C=C4)N8CCN(CC8)C
1302,C1(=NC=C2C(=N1)N=C(C3=CC=C(C=C3)CN4CCC(CC4)C5=NNC(=N5)C=6N=CC=CC6)C(=C2)C7=CC=CC=C7)N8CCN(CC8)S(C)(=O)=O
1303,N=1C(=CC2=C(C1)N=C(C3=CC=C(CN4CCC(CC4)C5=NN=C(N5)C6=NC=CC=C6)C=C3)C(C7=CC=CC=C7)=C2)N8CCN(CC8)C
1304,C1(=NC=C2C(=N1)N=C(C=3C=CC(CN4CCC(CC4)C5=NN=C(N5)C6=NC=CC=C6)=CC3)C(C7=CC=CC=C7)=C2)N8CCN(CC8)C
1305,ClCC=1N2C(=NN1)C=3C(=NC(C4=CC=C(CN5CCC(CC5)C=6NN=C(N6)C=7N=CC=CC7)C=C4)=C(C3)C8=CC=CC=C8)C=C2
1306,C1=C(C(=NC2=C1C=3N(C=C2)C(=NN3)CCl)C4=CC=C(CN5CCC(CC5)C=6N=C(NN6)C7=NC=CC=C7)C=C4)C8=CC=CC=C8
1307,C=1(N=CC2=C(N1)N=C(C(C3=CC=CC=C3)=C2)C4=CC=C(CN5CCC(CC5)C6=NN=C(N6)C=7C=CC(NC7)=O)C=C4)N8CCN(CC8)C
1308,C=1(N=CC2=C(N1)N=C(C3=CC=C(CN4CCC(CC4)C5=NN=C(N5)C=6N=CC=CN6)C=C3)C(C7=CC=CC=C7)=C2)N8CCN(CC8)C
1309,S1C=2N(C(=C(N2)C3=CC(NC(=O)CC4=CC=CC=C4)=CC=C3)C=5N=C(N=CC5)NC=6C=C(N7C(=O)CCC7)C=CC6)C=C1
1310,C=1(C=CC2=C(N1)N=C(C(C3=CC=CC=C3)=N2)C4=CC=C(CN5CCC(CC5)C6=NN=C(N6)C=7C=CC=CN7)C=C4)N8CCN(CC8)CCO
1311,S1C=2N(C(=C(N2)C3=CC(NC(=O)C=4C(F)=CC=CC4F)=CC=C3)C=5N=C(N=CC5)NC=6C=C(N7C(=O)CCC7)C=CC6)C=C1
1312,N1(CCC(N2C=C(N=C2)C3=NC=CC=C3)CC1)CC4=CC=C(C=C4)C5=NC6=C(C=C5C7=CC=CC=C7)C=8N(C=C6)C(=NN8)N
1313,C=1(N=CC2=C(N1)N=C(C(C3=CC=CC=C3)=C2)C4=CC=C(CN5CCC(CC5)C6=NN=C(N6)C=7N=CC=CN7)C=C4)N8CCN(CC8)CCO
1314,C=1(C=CC2=C(N1)N=C(C=3C=CC(CN4CCC(CC4)C5=NN=C(N5)C=6N=CC=CN6)=CC3)C(C7=CC=CC=C7)=N2)N8CCN(CC8)C
1315,FC=1C=C(CN2C=3C(C(C=4C=C5NC=6C(NC(=O)C5=CC4)=CC(=CC6)CCOC7=CC=C(N8CCOCC8)C=C7)=C2)=CC=NC3)C=C(F)C1F
1316,C1=NC(=C2C(=C1)N=C(C=3C=CC(CN4CCC(CC4)C5=NN=C(N5)C6=NC=CC=C6)=CC3)C(C7=CC=CC=C7)=C2)N8CCN(CC8)C
1317,C=1(C=CC2=C(N1)N=C(C3=CC=C(CN4CCC(CC4)C5=NN=C(N5)C=6C=CC=CN6)C=C3)C(C7=CC=CC=C7)=N2)N8CCN(CC8)C
1318,C1=C(C(C2=CC=C(CN3CCC(CC3)C=4N=C(NN4)C5=NC=CC=C5)C=C2)=NC6=C1C=7N(C=C6)C(=NN7)S)C8=CC=CC=C8
1319,C1(=NC=C2C(=N1)N=C(C=3C=CC(CN4CCC(CC4)C5=NN=C(N5)C6=NC=CC=C6)=CC3)C(C7=CC=CC=C7)=C2)N8CC(CC8)(F)F
1320,C1(=CC=C2C(=N1)N=C(C(C3=CC=CC=C3)=N2)C4=CC=C(C=C4)CN5CCC(CC5)C=6NN=C(N6)C7=CC=C(N=C7)N)N8CCN(CC8)CCO
1321,C=1C(=CC=C2N=C(C(=NC12)C3=CC=CC=C3)C=4C=CC(=CC4)CN5CCC(CC5)N6C7=C(NC6=O)C=CC=C7)C(NCCN(CC)CC)=O
1322,N1=CC=C2C(=C1N3CCN(CC3)C)N=C(C4=CC=C(CN5CCC(CC5)C6=NN=C(N6)C7=NC=CC=C7)C=C4)C(C8=CC=CC=C8)=C2
1323,C1=C(C(C2=CC=C(CN3CCC(CC3)C=4N=C(NN4)C5=NC=CC=C5)C=C2)=NC6=C1C=7N(C=C6)C(=NN7)O)C8=CC=CC=C8
1324,O=C1N2C(=NN1)C=3C(=NC(C4=CC=C(CN5CCC(CC5)C=6NN=C(N6)C=7N=CC=CC7)C=C4)=C(C3)C8=CC=CC=C8)C=C2
1325,C1(=NC=C2C(=N1)N=C(C=3C=CC(CN4CCC(CC4)C5=NN=C(N5)C6=NC=CC=C6)=CC3)C(=C2)C7=CC=CC=C7)N8CCN(CC8)CCO
1327,C1(=NC=C2C(=N1)N=C(C=3C=CC(CN4CCC(CC4)C5=NN=C(N5)C6=NC=CC=C6)=CC3)C(C7=CC=CC=C7)=C2)N8C[C@@H](NCC8)C
1328,C1(=NC=C2C(=N1)N=C(C=3C=CC(CN4CCC(CC4)C5=NN=C(N5)C6=NC=CC=C6)=CC3)C(C7=CC=CC=C7)=C2)N8C[C@H](NCC8)C
1329,C1=C(C(=NC2=C1C=3N(C=C2)C(=NN3)CNCCO)C4=CC=C(C=C4)CN5CCC(CC5)C=6N=C(NN6)C7=NC=CC=C7)C=8C=CC=CC8
1330,OCCNCC=1N2C(=NN1)C=3C(=NC(C4=CC=C(CN5CCC(CC5)C=6NN=C(N6)C=7N=CC=CC7)C=C4)=C(C3)C8=CC=CC=C8)C=C2
1331,N1(CCC(CC1)C=2NN=C(N2)C=3N=CC=CC3)CC4=CC=C(C=C4)C=5N=C6C(=CC5C7=CC=CC=C7)C=8N(C=C6)C(=NN8)N
1332,C1=C(C(C2=CC=C(CN3CCC(CC3)C=4N=C(NN4)C5=NC=CC=C5)C=C2)=NC6=C1C=7N(C=C6)C(=NN7)N)C8=CC=CC=C8
1333,C1(=NC=C2C(=N1)N=C(C=3C=CC(CN4CCC(CC4)C5=NN=C(N5)C6=NC=CC=C6)=CC3)C(=C2)C7=CC=CC=C7)N8CCC(CC8)N(C)C
1334,C=1(C=CC2=C(N1)N=C(C(C=3C=CC=CC3)=N2)C4=CC=C(CN5CCC(CC5)C6=NN=C(N6)C=7N=CC=CN7)C=C4)N8CCN(CC8)CCO
1335,C=1N=C(C2=C(N=C(C=3C=CC(CN4CCC(CC4)C5=NN=C(N5)C=6C=CC(=NC6)O)=CC3)C(C7=CC=CC=C7)=C2)C1)O
1336,C1(=NC=C2C(=N1)N=C(C=3C=CC(CN4CCC(CC4)C5=NN=C(N5)C6=NC=CC=C6)=CC3)C(=C2)C7=CC=CC=C7)N8CCN(CC8)C(=O)C
1337,C1=C(C(C=2C=CC(=CC2)CN3CCC(CC3)N4C=5C(N=C4O)=CC=CC5)=NC=6N(N=C(N)C16)CCC=7N=CNC7)C8=CC=CC=C8
1338,OC=1N(C2CCN(CC2)CC3=CC=C(C=C3)C=4N=C5N(N=C(N)C5=CC4C6=CC=CC=C6)CCC=7NC=NC7)C8=C(N1)C=CC=C8
1339,O=C(NC=1N2C(=NN1)C=3C(=NC(C4=CC=C(CN5CCC(CC5)C=6NN=C(N6)C=7N=CC=CC7)C=C4)=C(C3)C8=CC=CC=C8)C=C2)N
1340,C1=C(C(=NC2=C1C=3N(C=C2)C(=NN3)NC(=O)N)C4=CC=C(C=C4)CN5CCC(CC5)C=6N=C(NN6)C7=NC=CC=C7)C8=CC=CC=C8
1341,O(C=1C=C(C2=NN(C=3N=CN=C(N)C23)C4CCC(N5CCN(CC5)C(=O)C)CC4)C=CC1NC(=O)C=6N(C=7C(C6)=CC=CC7)C)C
1342,C1(=NC=C2C(=N1)N=C(C3=CC=C(CN4CCC(CC4)C5=NN=C(N5)C6=NC=CC=C6)C=C3)C(=C2)C7=CC=CC=C7)N8CCS(CC8)(=O)=O
1343,C=1(N=CC2=C(N1)N=C(C(C3=CC=CC=C3)=C2)C4=CC=C(CN5CCC(CC5)C6=NN=C(N6)C7=CC=[N+](C=C7)O)C=C4)N8CCN(CC8)C
1344,O=C(NC1=CC(=CC(=C1)C(=NNC(=N)N)C)C(=NNC(=N)N)C)NCCCN(CCCNC(=O)NC2=CC(=CC(=C2)C(=NNC(=N)N)C)C(=NNC(=N)N)C)C
1345,C1(=NC2=C(C=C(C3=CC=CC=C3)C(=N2)C4=CC=C(C=C4)CN5CCC(CC5)C6=NN=C(N6)C=7C=CC(NC7)=O)C=N1)N8CCN(CC8)CCN(C)C
1346,C1(=NC=C2C(=N1)N=C(C=3C=CC(=CC3)CN4CCC(CC4)C5=NN=C(N5)C6=NC=CC=C6)C(=C2)C7=CC=CC=C7)N8CCN(CC8)C(=O)N(C)C
1347,C=1(N=CC2=C(N1)N=C(C(C3=CC=CC=C3)=C2)C4=CC=C(C=C4)CN5CCC(CC5)C6=NN=C(N6)C=7C=CC(=NC7)O)N8CCN(CC8)CCO
1348,C=12C3=C(C4=C5C1N(C6=CC=CC=C26)[C@]7(O[C@@H](N5C=8C=CC=CC48)C[C@H]([C@H]7OC)N(C(=O)C=9C=CC=CC9)C)C)C(NC3)=O
1349,C1(=NC=C2C(=N1)N=C(C=3C=CC(=CC3)CN4CCC(CC4)C5=NN=C(N5)C6=NC=CC=C6)C(=C2)C7=CC=CC=C7)N8CCN(CC8)C(=O)CN(C)C
1350,C1(=NC=C2C(=N1)N=C(C=3C=CC(CN4CCC(CC4)C5=NN=C(N5)C6=NC=CC=C6)=CC3)C(=C2)C7=CC=CC=C7)N8C[C@@H](N[C@@H](C8)C)C
1351,C1(=NC2=C(C=C(C3=CC=CC=C3)C(=N2)C4=CC=C(C=C4)CN5CCC(CC5)C6=NN=C(N6)C=7N=CC=CN7)C=N1)N8CCN(CC8)CCN(C)C
1352,C=1(N=CC2=C(N1)N=C(C(C3=CC=CC=C3)=C2)C4=CC=C(C=C4)CN5CCC(CC5)C6=NN=C(N6)C=7C=CC(=NC7)N)N8CCN(CC8)CCO
1353,C=12C(=O)C(=CC(C1)=O)[C@@H]([C@@H](C)C[C@H](OC)[C@H](OC)[C@@H](C)C=C(C)[C@@H]([C@@H](OC)C=CC=C(C)C(N2)=O)OC(=O)N)OC
1354,C1(=NC=C2C(=N1)N=C(C=3C=CC(CN4CCC(CC4)C5=NN=C(N5)C6=NC=CC=C6)=CC3)C(=C2)C7=CC=CC=C7)N8C[C@@H](NC[C@H]8C)C
1355,O=C(NC1=CC(=CC(=C1)C(=NNC(=N)N)C)C(=NNC(=N)N)C)C=2C=C(C(=O)NC3=CC(=CC(=C3)C(=NNC(=N)N)C)C(=NNC(=N)N)C)C=CC2
1356,C1(=NC2=C(N=C(C3=CC=CC=C3)C(=N2)C4=CC=C(C=C4)CN5CCC(CC5)C6=NN=C(N6)C=7C=CC=CN7)C=C1)N8CCN(CC8)CCN(C)C
1357,C1(=NC2=C(N=C(C=3C=CC=CC3)C(=N2)C4=CC=C(C=C4)CN5CCC(CC5)C6=NN=C(N6)C=7N=CC=CN7)C=C1)N8CCN(CC8)CCN(C)C
1358,C1(=NC2=C(C=C(C3=CC=CC=C3)C(=N2)C4=CC=C(C=C4)CN5CCC(CC5)C6=NN=C(N6)C7=NC=CC=C7)C=N1)N8CCN(CC8)CCN(C)C
1359,N1(CCC(CC1)C=2NN=C(N2)C=3N=CC=CC3)CC4=CC=C(C=C4)C=5N=C6C(C=7N(C(=NN7)CN8CCN(CC8)C)C=C6)=CC5C9=CC=CC=C9
1360,C1=C(C(=NC=2C=CN3C(C12)=NN=C3CN4CCN(CC4)C)C5=CC=C(C=C5)CN6CCC(CC6)C=7N=C(NN7)C8=NC=CC=C8)C=9C=CC=CC9
1361,O=C(NC1=CC(=CC(=C1)C(=NNC(=N)N)C)C(=NNC(=N)N)C)NCCCCCCNC(=O)NC2=CC(=CC(=C2)C(=NNC(=N)N)C)C(=NNC(=N)N)C
1362,C1(=NC2=C(C=C(C3=CC=CC=C3)C(=N2)C4=CC=C(C=C4)CN5CCC(CC5)C6=NN=C(N6)C=7C=CC(=NC7)N)C=N1)N8CCN(CC8)CCN(C)C
1363,C1(=NC=C2C(=N1)N=C(C=3C=CC(=CC3)CN4CCC(CC4)C5=NN=C(N5)C6=NC=CC=C6)C(=C2)C7=CC=CC=C7)N8CCN(CC8)C9CN(C9)C
1364,C=1(N=CC2=C(N1)N=C(C(C3=CC=CC=C3)=C2)C4=CC=C(C=C4)CN5CCC(CC5)C6=NN=C(N6)C7=CC=[N+](C=C7)O)N8CCN(CC8)CCO
1365,C1(=NC=C2C(=N1)N=C(C=3C=CC(CN4CCC(CC4)C5=NN=C(N5)C6=NC=CC=C6)=CC3)C(=C2)C7=CC=CC=C7)N8C[C@@H](O[C@@H](C8)C)C
1366,C1(=NC2=C(C=C(C3=CC=CC=C3)C(=N2)C4=CC=C(C=C4)CN5CCC(CC5)C6=NN=C(N6)C7=CC=[N+](C=C7)O)C=N1)N8CCN(CC8)CCN(C)C
1367,C1=CC=C2C(C3=C4N2[C@]5(O[C@H](C[C@H]([C@H]5OC)N(C)C(=O)CCC(NCCC(NCCC(NCCC(N)=O)=O)=O)=O)N6C4=C(C7=C6C=CC=C7)C=8C3=CNC8O)C)=C1
1368,C1(O[C@@H](CC(C(=CC([C@H]([C@H](C([C@@H](C[C@@H](C=CC=CC=C([C@H](C[C@H]2O[C@](C(C(N3[C@H]1CCCC3)=O)=O)(O)[C@@H](CC2)C)OC)C)C)C)=O)OC)O)C)C)=O)[C@@H](C[C@H]4C[C@@H](OC)[C@H](O)CC4)C)=O
